event_id,location,date,elevation_m,avg_slope_deg,distance_to_stream_m,drainage_capacity_index,rainfall_1h_mm,rainfall_24h_mm,soil_moisture_pct,pore_water_pressure_kpa,vibration_index,incident_type,hazard_occurred
EV-2021-02-CHAMOLI-RAINI,Raini / Rishiganga Gorge,2021-02-07,2050.0,44.5,35.0,0.45,45.0,110.0,78.0,19.5,0.68,Rock-Ice Avalanche & Flash Debris Flood,1
EV-2021-02-TAPOVAN,Tapovan Dhauliganga,2021-02-07,1820.0,38.0,45.0,0.52,38.0,95.0,74.0,16.2,0.55,Downstream Flash Flood Inundation,1
EV-2023-08-MANDI-KULLU,Beas / Mandi Valley,2023-08-14,1250.0,36.0,40.0,0.5,68.0,185.0,89.0,24.0,0.45,Cloudburst & Slope Failure,1
EV-2023-07-THARALI,Tharali Pindar Valley,2023-07-21,1280.0,31.0,55.0,0.58,52.0,130.0,82.0,21.0,0.38,Flash Flood & Debris Torrent,1
EV-2023-01-JOSHIMATH-SUBSIDENCE,Joshimath Sunil / Singhdhar,2023-01-05,2100.0,39.0,190.0,0.52,12.0,45.0,65.0,18.0,0.32,Pore Pressure & Hydrostatic Slope Creep,1
EV-SYN-POS-000,Himalayan Catchment Node 1,2022-07-15,2810.4,37.0,143.6,0.53,46.7,179.6,92.5,27.6,0.675,Flash Flood / Landslide Event,1
EV-SYN-POS-001,Himalayan Catchment Node 2,2022-07-15,3031.4,28.5,146.1,0.41,48.6,208.2,83.6,23.1,0.425,Flash Flood / Landslide Event,1
EV-SYN-POS-002,Himalayan Catchment Node 3,2022-07-15,1842.7,42.7,38.1,0.46,69.2,364.8,83.4,24.8,0.278,Flash Flood / Landslide Event,1
EV-SYN-POS-003,Himalayan Catchment Node 4,2022-07-15,1343.1,42.6,42.2,0.63,107.4,550.0,72.5,22.4,0.514,Flash Flood / Landslide Event,1
EV-SYN-POS-004,Himalayan Catchment Node 5,2022-07-15,1275.7,30.9,84.4,0.62,54.4,291.1,83.5,24.3,0.361,Flash Flood / Landslide Event,1
EV-SYN-POS-005,Himalayan Catchment Node 6,2022-07-15,3266.9,51.3,120.8,0.62,79.8,430.7,75.1,17.0,0.445,Flash Flood / Landslide Event,1
EV-SYN-POS-006,Himalayan Catchment Node 7,2022-07-15,3023.2,37.3,55.3,0.46,56.1,267.5,90.9,20.9,0.842,Flash Flood / Landslide Event,1
EV-SYN-POS-007,Himalayan Catchment Node 8,2022-07-15,1212.1,46.5,45.8,0.59,88.0,482.1,71.9,19.2,0.32,Flash Flood / Landslide Event,1
EV-SYN-POS-008,Himalayan Catchment Node 9,2022-07-15,1928.0,48.7,101.0,0.37,58.3,291.6,86.6,29.0,0.533,Flash Flood / Landslide Event,1
EV-SYN-POS-009,Himalayan Catchment Node 10,2022-07-15,2873.7,30.9,112.7,0.52,92.8,428.5,81.1,18.1,0.315,Flash Flood / Landslide Event,1
EV-SYN-POS-010,Himalayan Catchment Node 11,2022-07-15,1891.6,28.8,102.7,0.5,103.1,394.7,89.6,22.4,0.296,Flash Flood / Landslide Event,1
EV-SYN-POS-011,Himalayan Catchment Node 12,2022-07-15,3245.3,35.0,41.0,0.59,82.5,490.3,74.9,25.2,0.574,Flash Flood / Landslide Event,1
EV-SYN-POS-012,Himalayan Catchment Node 1,2022-07-15,1899.6,47.4,136.5,0.38,52.1,291.3,92.4,20.4,0.556,Flash Flood / Landslide Event,1
EV-SYN-POS-013,Himalayan Catchment Node 2,2022-07-15,1463.7,38.0,48.9,0.45,105.7,431.2,88.3,23.6,0.833,Flash Flood / Landslide Event,1
EV-SYN-POS-014,Himalayan Catchment Node 3,2022-07-15,2293.9,51.1,52.7,0.44,56.4,234.9,83.1,18.8,0.417,Flash Flood / Landslide Event,1
EV-SYN-POS-015,Himalayan Catchment Node 4,2022-07-15,1518.8,49.8,51.1,0.5,108.9,432.0,89.8,22.5,0.687,Flash Flood / Landslide Event,1
EV-SYN-POS-016,Himalayan Catchment Node 5,2022-07-15,2593.8,36.8,102.2,0.51,41.8,257.3,74.8,16.9,0.605,Flash Flood / Landslide Event,1
EV-SYN-POS-017,Himalayan Catchment Node 6,2022-07-15,2326.6,44.3,22.2,0.42,83.4,340.1,80.1,27.4,0.333,Flash Flood / Landslide Event,1
EV-SYN-POS-018,Himalayan Catchment Node 7,2022-07-15,3234.3,36.2,34.8,0.61,54.3,330.9,84.4,24.4,0.395,Flash Flood / Landslide Event,1
EV-SYN-POS-019,Himalayan Catchment Node 8,2022-07-15,3180.9,30.2,136.6,0.54,60.4,301.9,93.3,31.3,0.718,Flash Flood / Landslide Event,1
EV-SYN-POS-020,Himalayan Catchment Node 9,2022-07-15,1555.6,43.4,30.9,0.62,80.5,251.2,87.3,19.3,0.346,Flash Flood / Landslide Event,1
EV-SYN-POS-021,Himalayan Catchment Node 10,2022-07-15,2634.3,41.2,109.9,0.42,88.4,339.5,89.4,27.2,0.76,Flash Flood / Landslide Event,1
EV-SYN-POS-022,Himalayan Catchment Node 11,2022-07-15,1406.1,43.8,93.9,0.46,54.9,288.5,80.2,27.0,0.629,Flash Flood / Landslide Event,1
EV-SYN-POS-023,Himalayan Catchment Node 12,2022-07-15,2469.2,47.1,85.3,0.5,49.6,276.2,70.6,21.5,0.356,Flash Flood / Landslide Event,1
EV-SYN-POS-024,Himalayan Catchment Node 1,2022-07-15,3212.7,50.6,144.0,0.46,36.2,248.6,95.1,32.8,0.762,Flash Flood / Landslide Event,1
EV-SYN-POS-025,Himalayan Catchment Node 2,2022-07-15,3072.5,35.1,70.1,0.45,47.7,300.6,88.1,25.9,0.308,Flash Flood / Landslide Event,1
EV-SYN-POS-026,Himalayan Catchment Node 3,2022-07-15,1508.2,42.8,148.7,0.51,100.8,534.4,88.3,23.5,0.426,Flash Flood / Landslide Event,1
EV-SYN-POS-027,Himalayan Catchment Node 4,2022-07-15,3107.6,47.4,125.3,0.62,73.4,379.2,86.9,27.0,0.727,Flash Flood / Landslide Event,1
EV-SYN-POS-028,Himalayan Catchment Node 5,2022-07-15,2026.3,49.4,63.9,0.38,78.4,280.2,84.1,21.6,0.604,Flash Flood / Landslide Event,1
EV-SYN-POS-029,Himalayan Catchment Node 6,2022-07-15,3009.7,28.7,24.9,0.46,44.5,271.1,75.6,22.8,0.301,Flash Flood / Landslide Event,1
EV-SYN-POS-030,Himalayan Catchment Node 7,2022-07-15,2389.4,29.2,89.1,0.54,89.5,523.2,78.4,25.4,0.412,Flash Flood / Landslide Event,1
EV-SYN-POS-031,Himalayan Catchment Node 8,2022-07-15,1255.8,38.5,30.2,0.64,97.7,487.0,74.5,17.9,0.4,Flash Flood / Landslide Event,1
EV-SYN-POS-032,Himalayan Catchment Node 9,2022-07-15,2652.4,41.2,112.9,0.43,106.6,547.6,85.9,23.6,0.399,Flash Flood / Landslide Event,1
EV-SYN-POS-033,Himalayan Catchment Node 10,2022-07-15,1231.7,36.5,118.5,0.38,38.5,208.5,88.3,24.9,0.309,Flash Flood / Landslide Event,1
EV-SYN-POS-034,Himalayan Catchment Node 11,2022-07-15,1581.0,39.8,81.6,0.48,64.9,352.9,71.2,19.1,0.626,Flash Flood / Landslide Event,1
EV-SYN-POS-035,Himalayan Catchment Node 12,2022-07-15,2649.1,40.1,131.3,0.4,40.3,207.6,85.2,29.2,0.595,Flash Flood / Landslide Event,1
EV-SYN-POS-036,Himalayan Catchment Node 1,2022-07-15,2208.2,37.3,103.6,0.51,105.6,482.9,93.5,23.0,0.292,Flash Flood / Landslide Event,1
EV-SYN-POS-037,Himalayan Catchment Node 2,2022-07-15,1407.8,30.4,22.4,0.55,40.3,240.6,70.6,23.0,0.419,Flash Flood / Landslide Event,1
EV-SYN-POS-038,Himalayan Catchment Node 3,2022-07-15,2583.7,30.8,110.6,0.61,90.1,468.9,74.6,23.7,0.734,Flash Flood / Landslide Event,1
EV-SYN-POS-039,Himalayan Catchment Node 4,2022-07-15,2018.4,51.8,73.6,0.58,60.6,401.0,81.2,25.8,0.703,Flash Flood / Landslide Event,1
EV-SYN-POS-040,Himalayan Catchment Node 5,2022-07-15,2311.6,30.5,137.3,0.6,59.0,350.7,70.3,23.7,0.305,Flash Flood / Landslide Event,1
EV-SYN-POS-041,Himalayan Catchment Node 6,2022-07-15,3291.3,35.7,143.5,0.52,82.4,361.8,78.5,24.1,0.701,Flash Flood / Landslide Event,1
EV-SYN-POS-042,Himalayan Catchment Node 7,2022-07-15,1400.7,47.0,122.7,0.5,39.3,227.6,93.1,24.7,0.32,Flash Flood / Landslide Event,1
EV-SYN-POS-043,Himalayan Catchment Node 8,2022-07-15,2560.1,31.4,119.0,0.38,41.3,221.5,91.4,28.5,0.299,Flash Flood / Landslide Event,1
EV-SYN-POS-044,Himalayan Catchment Node 9,2022-07-15,2023.4,30.0,148.3,0.46,96.0,586.0,89.6,24.1,0.3,Flash Flood / Landslide Event,1
EV-SYN-POS-045,Himalayan Catchment Node 10,2022-07-15,2133.3,46.7,92.6,0.62,43.3,202.6,82.2,18.7,0.321,Flash Flood / Landslide Event,1
EV-SYN-POS-046,Himalayan Catchment Node 11,2022-07-15,2841.3,30.8,104.4,0.53,107.2,431.2,92.6,23.1,0.828,Flash Flood / Landslide Event,1
EV-SYN-POS-047,Himalayan Catchment Node 12,2022-07-15,1295.0,28.3,146.1,0.62,74.6,417.5,84.4,29.2,0.564,Flash Flood / Landslide Event,1
EV-SYN-POS-048,Himalayan Catchment Node 1,2022-07-15,2200.0,43.1,110.4,0.54,78.8,418.3,77.3,26.6,0.784,Flash Flood / Landslide Event,1
EV-SYN-POS-049,Himalayan Catchment Node 2,2022-07-15,1810.2,38.9,100.6,0.41,69.8,322.8,72.0,25.0,0.842,Flash Flood / Landslide Event,1
EV-SYN-POS-050,Himalayan Catchment Node 3,2022-07-15,1881.0,44.8,89.7,0.59,86.4,363.9,91.4,31.4,0.685,Flash Flood / Landslide Event,1
EV-SYN-POS-051,Himalayan Catchment Node 4,2022-07-15,3252.0,42.7,74.4,0.61,38.4,168.6,91.1,31.7,0.34,Flash Flood / Landslide Event,1
EV-SYN-POS-052,Himalayan Catchment Node 5,2022-07-15,3333.8,42.3,69.5,0.6,97.9,432.6,77.1,17.5,0.769,Flash Flood / Landslide Event,1
EV-SYN-POS-053,Himalayan Catchment Node 6,2022-07-15,3392.6,47.5,150.0,0.52,92.7,558.5,76.4,21.3,0.327,Flash Flood / Landslide Event,1
EV-SYN-POS-054,Himalayan Catchment Node 7,2022-07-15,1703.0,50.9,98.8,0.55,81.4,325.3,87.5,25.2,0.713,Flash Flood / Landslide Event,1
EV-SYN-POS-055,Himalayan Catchment Node 8,2022-07-15,2414.2,40.5,130.8,0.52,100.7,404.2,70.7,22.5,0.622,Flash Flood / Landslide Event,1
EV-SYN-POS-056,Himalayan Catchment Node 9,2022-07-15,1500.0,44.9,47.7,0.35,61.3,315.0,81.4,27.5,0.459,Flash Flood / Landslide Event,1
EV-SYN-POS-057,Himalayan Catchment Node 10,2022-07-15,2072.4,40.3,121.9,0.54,99.7,537.6,94.1,26.7,0.405,Flash Flood / Landslide Event,1
EV-SYN-POS-058,Himalayan Catchment Node 11,2022-07-15,2283.8,39.0,147.4,0.45,82.5,301.9,73.4,17.4,0.341,Flash Flood / Landslide Event,1
EV-SYN-POS-059,Himalayan Catchment Node 12,2022-07-15,1600.1,31.3,103.3,0.45,102.3,470.2,74.5,18.2,0.275,Flash Flood / Landslide Event,1
EV-SYN-POS-060,Himalayan Catchment Node 1,2022-07-15,1589.4,32.1,56.2,0.38,44.0,217.4,79.5,22.7,0.664,Flash Flood / Landslide Event,1
EV-SYN-POS-061,Himalayan Catchment Node 2,2022-07-15,2581.4,28.9,123.9,0.37,100.5,527.6,77.2,25.1,0.699,Flash Flood / Landslide Event,1
EV-SYN-POS-062,Himalayan Catchment Node 3,2022-07-15,2015.0,32.4,47.2,0.5,81.4,355.5,89.4,20.1,0.401,Flash Flood / Landslide Event,1
EV-SYN-POS-063,Himalayan Catchment Node 4,2022-07-15,2325.7,45.1,136.4,0.51,43.0,238.3,76.3,19.5,0.476,Flash Flood / Landslide Event,1
EV-SYN-POS-064,Himalayan Catchment Node 5,2022-07-15,1665.2,28.5,61.9,0.45,44.0,295.4,87.7,28.3,0.549,Flash Flood / Landslide Event,1
EV-SYN-POS-065,Himalayan Catchment Node 6,2022-07-15,2491.1,30.1,89.8,0.57,67.4,252.6,79.4,24.1,0.592,Flash Flood / Landslide Event,1
EV-SYN-POS-066,Himalayan Catchment Node 7,2022-07-15,2532.7,36.5,148.2,0.42,42.6,182.6,74.2,18.1,0.421,Flash Flood / Landslide Event,1
EV-SYN-POS-067,Himalayan Catchment Node 8,2022-07-15,1376.5,32.2,136.6,0.51,65.8,375.0,80.3,27.8,0.769,Flash Flood / Landslide Event,1
EV-SYN-POS-068,Himalayan Catchment Node 9,2022-07-15,1576.0,47.6,53.5,0.55,104.7,493.2,77.3,24.7,0.362,Flash Flood / Landslide Event,1
EV-SYN-POS-069,Himalayan Catchment Node 10,2022-07-15,2316.7,35.8,75.3,0.42,43.6,238.7,85.1,20.4,0.539,Flash Flood / Landslide Event,1
EV-SYN-POS-070,Himalayan Catchment Node 11,2022-07-15,1940.5,40.8,26.7,0.39,39.8,263.6,91.1,23.0,0.659,Flash Flood / Landslide Event,1
EV-SYN-POS-071,Himalayan Catchment Node 12,2022-07-15,2237.5,46.2,97.4,0.47,61.2,401.5,95.1,22.5,0.689,Flash Flood / Landslide Event,1
EV-SYN-POS-072,Himalayan Catchment Node 1,2022-07-15,1346.3,50.5,43.6,0.57,78.1,410.7,90.7,22.3,0.348,Flash Flood / Landslide Event,1
EV-SYN-POS-073,Himalayan Catchment Node 2,2022-07-15,2663.4,31.9,125.9,0.51,61.9,362.0,91.2,25.3,0.476,Flash Flood / Landslide Event,1
EV-SYN-POS-074,Himalayan Catchment Node 3,2022-07-15,2844.7,39.1,59.2,0.5,52.4,319.6,84.1,28.4,0.625,Flash Flood / Landslide Event,1
EV-SYN-POS-075,Himalayan Catchment Node 4,2022-07-15,2581.0,30.8,142.2,0.45,45.4,293.4,83.9,28.2,0.723,Flash Flood / Landslide Event,1
EV-SYN-POS-076,Himalayan Catchment Node 5,2022-07-15,1746.7,31.6,60.5,0.57,37.5,248.2,92.8,24.5,0.743,Flash Flood / Landslide Event,1
EV-SYN-POS-077,Himalayan Catchment Node 6,2022-07-15,1480.5,30.7,130.0,0.47,94.8,330.9,88.8,27.8,0.635,Flash Flood / Landslide Event,1
EV-SYN-POS-078,Himalayan Catchment Node 7,2022-07-15,1754.0,44.7,90.6,0.45,48.6,318.6,80.4,22.5,0.818,Flash Flood / Landslide Event,1
EV-SYN-POS-079,Himalayan Catchment Node 8,2022-07-15,2313.0,31.7,96.2,0.53,36.4,284.7,84.7,26.3,0.803,Flash Flood / Landslide Event,1
EV-SYN-POS-080,Himalayan Catchment Node 9,2022-07-15,2467.8,45.0,39.8,0.53,66.8,404.8,94.1,26.2,0.318,Flash Flood / Landslide Event,1
EV-SYN-POS-081,Himalayan Catchment Node 10,2022-07-15,1474.3,51.6,129.1,0.63,100.2,467.9,80.4,18.3,0.451,Flash Flood / Landslide Event,1
EV-SYN-POS-082,Himalayan Catchment Node 11,2022-07-15,1933.7,47.3,20.6,0.47,75.3,429.1,79.0,25.0,0.521,Flash Flood / Landslide Event,1
EV-SYN-POS-083,Himalayan Catchment Node 12,2022-07-15,1509.9,33.4,78.8,0.4,72.4,369.9,79.4,23.5,0.629,Flash Flood / Landslide Event,1
EV-SYN-POS-084,Himalayan Catchment Node 1,2022-07-15,1591.7,28.3,106.3,0.64,46.1,210.0,95.9,27.4,0.607,Flash Flood / Landslide Event,1
EV-SYN-POS-085,Himalayan Catchment Node 2,2022-07-15,1661.8,29.6,117.5,0.62,50.4,192.9,82.3,24.1,0.289,Flash Flood / Landslide Event,1
EV-SYN-POS-086,Himalayan Catchment Node 3,2022-07-15,2353.7,46.6,78.9,0.48,65.1,306.1,74.7,24.8,0.818,Flash Flood / Landslide Event,1
EV-SYN-POS-087,Himalayan Catchment Node 4,2022-07-15,2616.8,37.0,55.2,0.47,36.9,203.9,87.1,19.5,0.383,Flash Flood / Landslide Event,1
EV-SYN-POS-088,Himalayan Catchment Node 5,2022-07-15,1243.4,33.5,107.3,0.38,95.0,372.1,76.2,17.7,0.396,Flash Flood / Landslide Event,1
EV-SYN-POS-089,Himalayan Catchment Node 6,2022-07-15,3026.5,45.3,131.2,0.47,85.1,319.8,93.3,20.7,0.301,Flash Flood / Landslide Event,1
EV-SYN-POS-090,Himalayan Catchment Node 7,2022-07-15,1599.2,33.0,23.4,0.52,66.6,420.6,78.9,20.0,0.478,Flash Flood / Landslide Event,1
EV-SYN-POS-091,Himalayan Catchment Node 8,2022-07-15,2573.1,42.2,54.8,0.47,76.4,337.9,94.7,30.2,0.334,Flash Flood / Landslide Event,1
EV-SYN-POS-092,Himalayan Catchment Node 9,2022-07-15,3168.0,48.8,83.4,0.59,66.9,232.5,84.1,25.4,0.405,Flash Flood / Landslide Event,1
EV-SYN-POS-093,Himalayan Catchment Node 10,2022-07-15,3365.7,31.3,128.5,0.51,47.9,193.8,93.8,22.1,0.596,Flash Flood / Landslide Event,1
EV-SYN-POS-094,Himalayan Catchment Node 11,2022-07-15,2633.1,34.6,92.0,0.6,50.5,178.5,93.4,31.2,0.608,Flash Flood / Landslide Event,1
EV-SYN-POS-095,Himalayan Catchment Node 12,2022-07-15,1585.8,42.4,106.5,0.62,66.4,311.1,71.2,17.2,0.693,Flash Flood / Landslide Event,1
EV-SYN-POS-096,Himalayan Catchment Node 1,2022-07-15,1739.8,30.0,98.4,0.47,56.7,289.5,77.7,22.8,0.536,Flash Flood / Landslide Event,1
EV-SYN-POS-097,Himalayan Catchment Node 2,2022-07-15,2811.7,43.9,141.8,0.41,37.3,205.4,71.3,20.3,0.608,Flash Flood / Landslide Event,1
EV-SYN-POS-098,Himalayan Catchment Node 3,2022-07-15,1434.5,36.0,120.2,0.37,89.6,430.1,81.3,20.5,0.741,Flash Flood / Landslide Event,1
EV-SYN-POS-099,Himalayan Catchment Node 4,2022-07-15,1798.7,47.2,110.3,0.53,62.1,282.8,73.6,25.3,0.518,Flash Flood / Landslide Event,1
EV-SYN-POS-100,Himalayan Catchment Node 5,2022-07-15,3120.5,32.4,90.4,0.57,95.5,491.4,92.1,23.2,0.544,Flash Flood / Landslide Event,1
EV-SYN-POS-101,Himalayan Catchment Node 6,2022-07-15,3276.9,33.3,148.4,0.36,87.9,477.6,84.8,28.7,0.27,Flash Flood / Landslide Event,1
EV-SYN-POS-102,Himalayan Catchment Node 7,2022-07-15,3233.7,44.7,58.7,0.64,105.8,499.0,92.0,24.0,0.747,Flash Flood / Landslide Event,1
EV-SYN-POS-103,Himalayan Catchment Node 8,2022-07-15,1706.0,28.9,97.5,0.39,40.8,240.1,88.8,20.3,0.439,Flash Flood / Landslide Event,1
EV-SYN-POS-104,Himalayan Catchment Node 9,2022-07-15,1901.3,40.9,122.8,0.54,101.4,468.5,70.6,23.5,0.263,Flash Flood / Landslide Event,1
EV-SYN-POS-105,Himalayan Catchment Node 10,2022-07-15,3265.9,49.0,88.8,0.59,109.8,472.3,80.5,22.7,0.627,Flash Flood / Landslide Event,1
EV-SYN-POS-106,Himalayan Catchment Node 11,2022-07-15,2890.2,49.0,147.9,0.48,66.6,348.4,72.9,19.4,0.422,Flash Flood / Landslide Event,1
EV-SYN-POS-107,Himalayan Catchment Node 12,2022-07-15,1292.6,35.1,50.4,0.36,109.1,460.1,87.7,21.8,0.82,Flash Flood / Landslide Event,1
EV-SYN-POS-108,Himalayan Catchment Node 1,2022-07-15,2118.7,46.9,31.6,0.61,105.9,477.4,74.3,25.9,0.389,Flash Flood / Landslide Event,1
EV-SYN-POS-109,Himalayan Catchment Node 2,2022-07-15,2537.0,50.6,104.5,0.5,52.3,211.5,74.8,24.1,0.46,Flash Flood / Landslide Event,1
EV-SYN-POS-110,Himalayan Catchment Node 3,2022-07-15,3144.3,29.4,146.0,0.63,109.6,393.4,89.7,27.9,0.342,Flash Flood / Landslide Event,1
EV-SYN-POS-111,Himalayan Catchment Node 4,2022-07-15,1692.4,47.6,49.2,0.51,79.5,361.2,92.8,23.6,0.328,Flash Flood / Landslide Event,1
EV-SYN-POS-112,Himalayan Catchment Node 5,2022-07-15,3096.7,49.3,144.2,0.59,84.1,373.2,80.6,21.6,0.406,Flash Flood / Landslide Event,1
EV-SYN-POS-113,Himalayan Catchment Node 6,2022-07-15,1378.3,45.4,84.5,0.42,86.2,340.1,82.9,23.4,0.605,Flash Flood / Landslide Event,1
EV-SYN-POS-114,Himalayan Catchment Node 7,2022-07-15,2691.6,47.8,65.2,0.52,55.0,362.2,87.1,28.8,0.77,Flash Flood / Landslide Event,1
EV-SYN-POS-115,Himalayan Catchment Node 8,2022-07-15,2734.4,45.0,128.8,0.55,81.4,409.3,92.9,31.0,0.268,Flash Flood / Landslide Event,1
EV-SYN-POS-116,Himalayan Catchment Node 9,2022-07-15,1937.3,47.8,36.8,0.57,47.1,320.4,83.2,18.4,0.422,Flash Flood / Landslide Event,1
EV-SYN-POS-117,Himalayan Catchment Node 10,2022-07-15,2590.0,42.8,147.6,0.43,82.6,420.2,72.8,23.2,0.575,Flash Flood / Landslide Event,1
EV-SYN-POS-118,Himalayan Catchment Node 11,2022-07-15,2591.8,51.1,64.4,0.63,42.7,301.8,71.8,18.6,0.675,Flash Flood / Landslide Event,1
EV-SYN-POS-119,Himalayan Catchment Node 12,2022-07-15,1960.9,29.6,95.7,0.54,38.4,297.7,95.2,30.2,0.328,Flash Flood / Landslide Event,1
EV-SYN-POS-120,Himalayan Catchment Node 1,2022-07-15,1248.7,46.2,23.2,0.45,71.6,411.8,81.6,20.9,0.848,Flash Flood / Landslide Event,1
EV-SYN-POS-121,Himalayan Catchment Node 2,2022-07-15,1560.0,38.2,78.7,0.59,87.0,312.2,87.7,26.8,0.414,Flash Flood / Landslide Event,1
EV-SYN-POS-122,Himalayan Catchment Node 3,2022-07-15,2151.1,50.8,39.6,0.63,66.5,344.1,77.1,26.8,0.496,Flash Flood / Landslide Event,1
EV-SYN-POS-123,Himalayan Catchment Node 4,2022-07-15,1668.8,49.5,49.9,0.36,83.9,396.1,82.3,28.5,0.361,Flash Flood / Landslide Event,1
EV-SYN-POS-124,Himalayan Catchment Node 5,2022-07-15,2896.0,48.8,121.0,0.6,92.1,424.8,70.8,24.1,0.62,Flash Flood / Landslide Event,1
EV-SYN-POS-125,Himalayan Catchment Node 6,2022-07-15,1458.1,47.1,82.6,0.39,86.4,365.1,82.8,18.9,0.599,Flash Flood / Landslide Event,1
EV-SYN-POS-126,Himalayan Catchment Node 7,2022-07-15,1882.8,34.5,123.7,0.49,35.9,167.6,82.5,24.6,0.425,Flash Flood / Landslide Event,1
EV-SYN-POS-127,Himalayan Catchment Node 8,2022-07-15,2915.7,44.7,131.8,0.36,71.0,255.6,95.7,22.8,0.549,Flash Flood / Landslide Event,1
EV-SYN-POS-128,Himalayan Catchment Node 9,2022-07-15,2431.2,42.8,111.3,0.35,59.5,272.7,79.1,17.7,0.297,Flash Flood / Landslide Event,1
EV-SYN-POS-129,Himalayan Catchment Node 10,2022-07-15,2448.6,37.5,37.3,0.56,95.0,338.6,72.7,22.0,0.674,Flash Flood / Landslide Event,1
EV-SYN-POS-130,Himalayan Catchment Node 11,2022-07-15,1314.3,28.8,141.7,0.51,88.2,509.6,90.8,24.0,0.739,Flash Flood / Landslide Event,1
EV-SYN-POS-131,Himalayan Catchment Node 12,2022-07-15,2404.7,29.9,136.3,0.6,68.9,365.3,89.0,20.5,0.286,Flash Flood / Landslide Event,1
EV-SYN-POS-132,Himalayan Catchment Node 1,2022-07-15,3117.9,33.9,40.7,0.42,108.2,416.2,90.5,27.7,0.549,Flash Flood / Landslide Event,1
EV-SYN-POS-133,Himalayan Catchment Node 2,2022-07-15,1702.6,41.3,113.5,0.65,108.1,502.0,87.7,20.1,0.268,Flash Flood / Landslide Event,1
EV-SYN-POS-134,Himalayan Catchment Node 3,2022-07-15,3110.2,34.2,80.1,0.57,90.7,390.9,79.6,27.7,0.274,Flash Flood / Landslide Event,1
EV-SYN-POS-135,Himalayan Catchment Node 4,2022-07-15,2165.0,48.8,95.2,0.57,71.5,446.9,81.0,20.7,0.605,Flash Flood / Landslide Event,1
EV-SYN-POS-136,Himalayan Catchment Node 5,2022-07-15,2570.5,49.9,47.4,0.54,90.0,351.8,93.6,22.8,0.393,Flash Flood / Landslide Event,1
EV-SYN-POS-137,Himalayan Catchment Node 6,2022-07-15,3079.6,51.3,43.5,0.5,53.5,326.0,83.4,22.2,0.606,Flash Flood / Landslide Event,1
EV-SYN-POS-138,Himalayan Catchment Node 7,2022-07-15,3332.7,31.9,70.8,0.43,84.3,381.0,73.4,25.4,0.522,Flash Flood / Landslide Event,1
EV-SYN-POS-139,Himalayan Catchment Node 8,2022-07-15,1573.5,33.7,29.6,0.51,60.3,350.1,76.5,23.0,0.674,Flash Flood / Landslide Event,1
EV-SYN-POS-140,Himalayan Catchment Node 9,2022-07-15,1280.7,32.0,41.8,0.57,84.8,420.1,90.9,26.9,0.771,Flash Flood / Landslide Event,1
EV-SYN-POS-141,Himalayan Catchment Node 10,2022-07-15,1793.4,32.9,34.5,0.37,74.8,405.5,73.2,20.4,0.81,Flash Flood / Landslide Event,1
EV-SYN-POS-142,Himalayan Catchment Node 11,2022-07-15,1291.5,35.6,85.9,0.39,109.0,575.9,94.7,28.7,0.771,Flash Flood / Landslide Event,1
EV-SYN-POS-143,Himalayan Catchment Node 12,2022-07-15,2275.5,38.9,87.0,0.55,45.5,181.7,88.3,21.7,0.654,Flash Flood / Landslide Event,1
EV-SYN-POS-144,Himalayan Catchment Node 1,2022-07-15,2679.7,51.3,32.2,0.48,100.1,390.0,91.8,31.5,0.66,Flash Flood / Landslide Event,1
EV-SYN-POS-145,Himalayan Catchment Node 2,2022-07-15,3111.6,39.9,100.3,0.52,37.3,275.1,87.6,21.7,0.645,Flash Flood / Landslide Event,1
EV-SYN-POS-146,Himalayan Catchment Node 3,2022-07-15,1434.5,37.5,104.7,0.55,110.0,406.3,80.6,26.8,0.719,Flash Flood / Landslide Event,1
EV-SYN-POS-147,Himalayan Catchment Node 4,2022-07-15,3132.7,41.6,116.0,0.47,59.5,352.8,89.8,29.1,0.511,Flash Flood / Landslide Event,1
EV-SYN-POS-148,Himalayan Catchment Node 5,2022-07-15,2397.9,47.6,35.6,0.35,59.3,274.4,88.1,23.8,0.519,Flash Flood / Landslide Event,1
EV-SYN-POS-149,Himalayan Catchment Node 6,2022-07-15,1700.0,33.7,68.5,0.37,80.3,424.3,82.1,22.1,0.768,Flash Flood / Landslide Event,1
EV-SYN-NEG-000,Himalayan Catchment Node 1,2022-05-10,1256.4,29.0,217.7,0.62,6.8,17.9,38.2,5.9,0.065,Normal / Non-Hazardous Baseline,0
EV-SYN-NEG-001,Himalayan Catchment Node 2,2022-05-10,2779.9,35.7,334.5,0.83,0.3,8.8,15.3,2.5,0.091,Normal / Non-Hazardous Baseline,0
EV-SYN-NEG-002,Himalayan Catchment Node 3,2022-05-10,1332.6,21.6,374.5,0.83,6.3,4.6,34.4,4.3,0.036,Normal / Non-Hazardous Baseline,0
EV-SYN-NEG-003,Himalayan Catchment Node 4,2022-05-10,2386.2,23.3,331.1,0.61,11.0,32.2,25.9,3.7,0.021,Normal / Non-Hazardous Baseline,0
EV-SYN-NEG-004,Himalayan Catchment Node 5,2022-05-10,1599.2,19.9,288.4,0.68,12.8,4.8,37.7,4.7,0.097,Normal / Non-Hazardous Baseline,0
EV-SYN-NEG-005,Himalayan Catchment Node 6,2022-05-10,2410.5,28.1,332.1,0.52,11.4,42.8,39.1,7.1,0.09,Normal / Non-Hazardous Baseline,0
EV-SYN-NEG-006,Himalayan Catchment Node 7,2022-05-10,2544.2,21.2,124.2,0.64,15.1,40.5,29.1,3.6,0.08,Normal / Non-Hazardous Baseline,0
EV-SYN-NEG-007,Himalayan Catchment Node 8,2022-05-10,2132.2,22.4,337.9,0.73,1.7,28.1,33.1,5.2,0.025,Normal / Non-Hazardous Baseline,0
EV-SYN-NEG-008,Himalayan Catchment Node 9,2022-05-10,1676.8,34.9,352.0,0.53,0.4,28.9,39.3,6.1,0.031,Normal / Non-Hazardous Baseline,0
EV-SYN-NEG-009,Himalayan Catchment Node 10,2022-05-10,2292.9,25.6,258.1,0.85,2.5,31.3,31.2,4.5,0.075,Normal / Non-Hazardous Baseline,0
EV-SYN-NEG-010,Himalayan Catchment Node 11,2022-05-10,1482.5,33.7,396.9,0.54,13.0,26.0,26.0,2.8,0.018,Normal / Non-Hazardous Baseline,0
EV-SYN-NEG-011,Himalayan Catchment Node 12,2022-05-10,1911.4,39.1,117.2,0.58,6.4,3.1,35.8,3.8,0.082,Normal / Non-Hazardous Baseline,0
EV-SYN-NEG-012,Himalayan Catchment Node 1,2022-05-10,3136.2,21.3,239.0,0.73,9.6,14.6,28.3,4.7,0.099,Normal / Non-Hazardous Baseline,0
EV-SYN-NEG-013,Himalayan Catchment Node 2,2022-05-10,2807.4,32.9,245.2,0.66,1.1,25.3,53.3,6.3,0.072,Normal / Non-Hazardous Baseline,0
EV-SYN-NEG-014,Himalayan Catchment Node 3,2022-05-10,1412.7,20.4,237.5,0.66,13.6,15.6,41.6,7.5,0.093,Normal / Non-Hazardous Baseline,0
EV-SYN-NEG-015,Himalayan Catchment Node 4,2022-05-10,1535.3,21.3,189.8,0.85,16.7,24.3,48.7,7.4,0.066,Normal / Non-Hazardous Baseline,0
EV-SYN-NEG-016,Himalayan Catchment Node 5,2022-05-10,1481.0,17.4,314.3,0.79,14.1,31.9,16.4,2.1,0.034,Normal / Non-Hazardous Baseline,0
EV-SYN-NEG-017,Himalayan Catchment Node 6,2022-05-10,3261.3,24.7,80.7,0.69,5.5,17.9,32.9,5.3,0.056,Normal / Non-Hazardous Baseline,0
EV-SYN-NEG-018,Himalayan Catchment Node 7,2022-05-10,3382.7,39.8,223.9,0.8,3.8,41.9,19.7,3.6,0.044,Normal / Non-Hazardous Baseline,0
EV-SYN-NEG-019,Himalayan Catchment Node 8,2022-05-10,2973.0,38.7,353.8,0.78,5.5,3.6,31.1,3.7,0.073,Normal / Non-Hazardous Baseline,0
EV-SYN-NEG-020,Himalayan Catchment Node 9,2022-05-10,2610.1,24.3,391.5,0.79,2.4,38.8,51.9,7.7,0.065,Normal / Non-Hazardous Baseline,0
EV-SYN-NEG-021,Himalayan Catchment Node 10,2022-05-10,2305.6,35.6,111.2,0.64,2.6,16.5,17.7,1.8,0.022,Normal / Non-Hazardous Baseline,0
EV-SYN-NEG-022,Himalayan Catchment Node 11,2022-05-10,3324.8,41.0,242.3,0.65,5.6,22.8,32.6,3.6,0.068,Normal / Non-Hazardous Baseline,0
EV-SYN-NEG-023,Himalayan Catchment Node 12,2022-05-10,2630.4,20.8,266.9,0.55,1.1,35.1,33.4,3.5,0.1,Normal / Non-Hazardous Baseline,0
EV-SYN-NEG-024,Himalayan Catchment Node 1,2022-05-10,3364.1,16.6,293.3,0.58,2.6,5.5,27.1,3.0,0.072,Normal / Non-Hazardous Baseline,0
EV-SYN-NEG-025,Himalayan Catchment Node 2,2022-05-10,3392.7,16.7,228.3,0.78,11.1,13.8,40.0,6.1,0.048,Normal / Non-Hazardous Baseline,0
EV-SYN-NEG-026,Himalayan Catchment Node 3,2022-05-10,2189.5,18.5,360.3,0.57,6.6,18.6,48.1,8.3,0.079,Normal / Non-Hazardous Baseline,0
EV-SYN-NEG-027,Himalayan Catchment Node 4,2022-05-10,2259.0,15.3,195.7,0.51,4.7,34.2,20.5,3.1,0.029,Normal / Non-Hazardous Baseline,0
EV-SYN-NEG-028,Himalayan Catchment Node 5,2022-05-10,3346.9,15.3,134.4,0.78,17.3,22.0,19.4,3.0,0.051,Normal / Non-Hazardous Baseline,0
EV-SYN-NEG-029,Himalayan Catchment Node 6,2022-05-10,2274.1,37.8,84.3,0.55,5.8,33.2,34.0,4.7,0.046,Normal / Non-Hazardous Baseline,0
EV-SYN-NEG-030,Himalayan Catchment Node 7,2022-05-10,3162.6,27.4,324.8,0.83,14.2,14.2,42.5,6.1,0.033,Normal / Non-Hazardous Baseline,0
EV-SYN-NEG-031,Himalayan Catchment Node 8,2022-05-10,3183.9,37.7,63.4,0.66,11.5,29.7,50.8,8.3,0.065,Normal / Non-Hazardous Baseline,0
EV-SYN-NEG-032,Himalayan Catchment Node 9,2022-05-10,1530.4,16.8,231.4,0.76,9.2,30.6,16.7,1.8,0.074,Normal / Non-Hazardous Baseline,0
EV-SYN-NEG-033,Himalayan Catchment Node 10,2022-05-10,1226.6,16.9,74.9,0.83,13.3,15.9,26.9,3.6,0.08,Normal / Non-Hazardous Baseline,0
EV-SYN-NEG-034,Himalayan Catchment Node 11,2022-05-10,1583.0,32.9,114.8,0.53,11.9,34.4,25.6,2.6,0.017,Normal / Non-Hazardous Baseline,0
EV-SYN-NEG-035,Himalayan Catchment Node 12,2022-05-10,2892.3,41.1,153.4,0.72,6.9,9.3,19.9,3.2,0.08,Normal / Non-Hazardous Baseline,0
EV-SYN-NEG-036,Himalayan Catchment Node 1,2022-05-10,1292.3,32.4,235.6,0.84,14.4,13.2,54.2,8.7,0.062,Normal / Non-Hazardous Baseline,0
EV-SYN-NEG-037,Himalayan Catchment Node 2,2022-05-10,2644.3,35.2,334.1,0.54,6.1,41.8,24.0,3.3,0.049,Normal / Non-Hazardous Baseline,0
EV-SYN-NEG-038,Himalayan Catchment Node 3,2022-05-10,3274.8,26.9,264.5,0.58,2.2,8.9,50.5,8.3,0.036,Normal / Non-Hazardous Baseline,0
EV-SYN-NEG-039,Himalayan Catchment Node 4,2022-05-10,3062.3,37.0,351.5,0.82,4.5,34.0,33.4,6.2,0.076,Normal / Non-Hazardous Baseline,0
EV-SYN-NEG-040,Himalayan Catchment Node 5,2022-05-10,1590.3,36.0,279.7,0.69,17.7,42.2,16.7,1.9,0.022,Normal / Non-Hazardous Baseline,0
EV-SYN-NEG-041,Himalayan Catchment Node 6,2022-05-10,1669.7,34.6,336.2,0.68,15.1,33.0,36.7,5.8,0.056,Normal / Non-Hazardous Baseline,0
EV-SYN-NEG-042,Himalayan Catchment Node 7,2022-05-10,2715.5,23.0,247.8,0.81,11.5,34.3,21.4,3.1,0.011,Normal / Non-Hazardous Baseline,0
EV-SYN-NEG-043,Himalayan Catchment Node 8,2022-05-10,3382.0,21.7,304.3,0.53,7.2,36.0,23.2,3.6,0.076,Normal / Non-Hazardous Baseline,0
EV-SYN-NEG-044,Himalayan Catchment Node 9,2022-05-10,1981.8,31.6,115.8,0.77,10.0,0.2,45.4,4.7,0.077,Normal / Non-Hazardous Baseline,0
EV-SYN-NEG-045,Himalayan Catchment Node 10,2022-05-10,2009.5,20.5,385.3,0.61,2.7,13.8,50.1,10.0,0.043,Normal / Non-Hazardous Baseline,0
EV-SYN-NEG-046,Himalayan Catchment Node 11,2022-05-10,3149.6,27.1,302.7,0.71,7.0,18.6,42.8,4.3,0.066,Normal / Non-Hazardous Baseline,0
EV-SYN-NEG-047,Himalayan Catchment Node 12,2022-05-10,1404.6,24.6,328.0,0.71,8.7,28.9,17.6,2.8,0.061,Normal / Non-Hazardous Baseline,0
EV-SYN-NEG-048,Himalayan Catchment Node 1,2022-05-10,2688.2,30.1,261.2,0.78,4.9,37.1,34.9,3.8,0.015,Normal / Non-Hazardous Baseline,0
EV-SYN-NEG-049,Himalayan Catchment Node 2,2022-05-10,2756.9,24.0,324.7,0.78,9.3,19.8,20.9,2.8,0.049,Normal / Non-Hazardous Baseline,0
EV-SYN-NEG-050,Himalayan Catchment Node 3,2022-05-10,2516.1,17.4,127.2,0.76,18.0,42.0,40.7,5.8,0.067,Normal / Non-Hazardous Baseline,0
EV-SYN-NEG-051,Himalayan Catchment Node 4,2022-05-10,2101.8,36.2,91.4,0.79,6.9,25.7,38.5,4.6,0.043,Normal / Non-Hazardous Baseline,0
EV-SYN-NEG-052,Himalayan Catchment Node 5,2022-05-10,1253.2,24.0,59.2,0.79,4.9,23.3,26.9,5.2,0.033,Normal / Non-Hazardous Baseline,0
EV-SYN-NEG-053,Himalayan Catchment Node 6,2022-05-10,3052.3,26.6,355.5,0.57,14.4,20.6,34.3,3.9,0.017,Normal / Non-Hazardous Baseline,0
EV-SYN-NEG-054,Himalayan Catchment Node 7,2022-05-10,2161.1,34.7,223.8,0.76,13.8,7.2,39.4,4.5,0.078,Normal / Non-Hazardous Baseline,0
EV-SYN-NEG-055,Himalayan Catchment Node 8,2022-05-10,1351.7,32.7,384.8,0.52,5.1,11.8,24.9,4.7,0.032,Normal / Non-Hazardous Baseline,0
EV-SYN-NEG-056,Himalayan Catchment Node 9,2022-05-10,2189.4,22.3,315.8,0.77,1.2,21.9,16.3,1.7,0.092,Normal / Non-Hazardous Baseline,0
EV-SYN-NEG-057,Himalayan Catchment Node 10,2022-05-10,2104.4,18.8,236.3,0.62,16.2,1.0,41.6,8.2,0.06,Normal / Non-Hazardous Baseline,0
EV-SYN-NEG-058,Himalayan Catchment Node 11,2022-05-10,2121.3,40.3,68.3,0.59,13.2,44.2,25.3,4.2,0.028,Normal / Non-Hazardous Baseline,0
EV-SYN-NEG-059,Himalayan Catchment Node 12,2022-05-10,3338.4,30.3,212.4,0.71,6.3,5.1,21.0,2.6,0.033,Normal / Non-Hazardous Baseline,0
EV-SYN-NEG-060,Himalayan Catchment Node 1,2022-05-10,2351.5,38.0,246.4,0.54,15.5,32.5,17.7,3.0,0.059,Normal / Non-Hazardous Baseline,0
EV-SYN-NEG-061,Himalayan Catchment Node 2,2022-05-10,2266.3,17.2,210.4,0.56,17.0,38.2,41.8,6.1,0.047,Normal / Non-Hazardous Baseline,0
EV-SYN-NEG-062,Himalayan Catchment Node 3,2022-05-10,1337.0,32.6,240.9,0.68,14.5,20.7,17.1,3.1,0.028,Normal / Non-Hazardous Baseline,0
EV-SYN-NEG-063,Himalayan Catchment Node 4,2022-05-10,1926.5,22.0,107.6,0.76,9.3,9.2,50.1,9.4,0.088,Normal / Non-Hazardous Baseline,0
EV-SYN-NEG-064,Himalayan Catchment Node 5,2022-05-10,3367.0,21.4,207.9,0.77,0.5,2.9,33.6,6.4,0.058,Normal / Non-Hazardous Baseline,0
EV-SYN-NEG-065,Himalayan Catchment Node 6,2022-05-10,2644.9,28.4,86.9,0.79,6.8,34.9,53.6,6.4,0.057,Normal / Non-Hazardous Baseline,0
EV-SYN-NEG-066,Himalayan Catchment Node 7,2022-05-10,2470.7,22.8,327.5,0.72,14.4,17.8,51.6,7.9,0.024,Normal / Non-Hazardous Baseline,0
EV-SYN-NEG-067,Himalayan Catchment Node 8,2022-05-10,1896.9,33.8,327.6,0.8,16.3,12.5,54.3,6.2,0.028,Normal / Non-Hazardous Baseline,0
EV-SYN-NEG-068,Himalayan Catchment Node 9,2022-05-10,2639.4,20.0,362.9,0.55,7.9,27.7,18.3,3.5,0.082,Normal / Non-Hazardous Baseline,0
EV-SYN-NEG-069,Himalayan Catchment Node 10,2022-05-10,2119.1,28.6,388.5,0.84,12.0,28.6,21.6,4.1,0.048,Normal / Non-Hazardous Baseline,0
EV-SYN-NEG-070,Himalayan Catchment Node 11,2022-05-10,2431.5,19.4,54.4,0.68,12.9,40.1,18.2,3.1,0.027,Normal / Non-Hazardous Baseline,0
EV-SYN-NEG-071,Himalayan Catchment Node 12,2022-05-10,2389.7,38.2,336.7,0.75,5.7,21.2,47.9,7.0,0.042,Normal / Non-Hazardous Baseline,0
EV-SYN-NEG-072,Himalayan Catchment Node 1,2022-05-10,1937.5,28.3,339.9,0.56,12.8,37.2,19.0,2.4,0.023,Normal / Non-Hazardous Baseline,0
EV-SYN-NEG-073,Himalayan Catchment Node 2,2022-05-10,2847.4,24.4,207.6,0.73,11.2,15.9,48.7,7.2,0.098,Normal / Non-Hazardous Baseline,0
EV-SYN-NEG-074,Himalayan Catchment Node 3,2022-05-10,2687.6,32.1,94.2,0.61,12.4,3.1,22.0,4.1,0.03,Normal / Non-Hazardous Baseline,0
EV-SYN-NEG-075,Himalayan Catchment Node 4,2022-05-10,2614.3,37.6,147.7,0.74,9.2,13.7,23.5,2.4,0.037,Normal / Non-Hazardous Baseline,0
EV-SYN-NEG-076,Himalayan Catchment Node 5,2022-05-10,3116.6,32.6,378.4,0.77,14.2,29.9,25.4,4.8,0.07,Normal / Non-Hazardous Baseline,0
EV-SYN-NEG-077,Himalayan Catchment Node 6,2022-05-10,2183.5,30.1,88.8,0.66,15.6,24.6,30.2,6.0,0.02,Normal / Non-Hazardous Baseline,0
EV-SYN-NEG-078,Himalayan Catchment Node 7,2022-05-10,2827.8,26.4,64.7,0.82,5.0,38.6,26.7,5.1,0.078,Normal / Non-Hazardous Baseline,0
EV-SYN-NEG-079,Himalayan Catchment Node 8,2022-05-10,3318.2,36.7,56.3,0.75,5.5,37.3,26.3,4.9,0.02,Normal / Non-Hazardous Baseline,0
EV-SYN-NEG-080,Himalayan Catchment Node 9,2022-05-10,1412.4,34.0,239.2,0.58,0.2,21.1,27.1,4.3,0.037,Normal / Non-Hazardous Baseline,0
EV-SYN-NEG-081,Himalayan Catchment Node 10,2022-05-10,1305.9,23.1,310.1,0.82,15.3,30.1,38.7,7.3,0.027,Normal / Non-Hazardous Baseline,0
EV-SYN-NEG-082,Himalayan Catchment Node 11,2022-05-10,2948.1,17.1,133.8,0.51,10.5,44.8,49.2,7.5,0.016,Normal / Non-Hazardous Baseline,0
EV-SYN-NEG-083,Himalayan Catchment Node 12,2022-05-10,1452.9,37.4,259.6,0.53,16.4,30.1,48.2,9.1,0.061,Normal / Non-Hazardous Baseline,0
EV-SYN-NEG-084,Himalayan Catchment Node 1,2022-05-10,1897.3,29.0,200.6,0.65,13.9,27.1,50.7,7.3,0.065,Normal / Non-Hazardous Baseline,0
EV-SYN-NEG-085,Himalayan Catchment Node 2,2022-05-10,2745.8,32.0,257.1,0.58,9.2,4.7,30.4,4.5,0.069,Normal / Non-Hazardous Baseline,0
EV-SYN-NEG-086,Himalayan Catchment Node 3,2022-05-10,2835.9,40.7,260.2,0.68,11.4,3.2,25.2,3.4,0.053,Normal / Non-Hazardous Baseline,0
EV-SYN-NEG-087,Himalayan Catchment Node 4,2022-05-10,1809.0,16.2,99.0,0.84,6.0,21.7,22.8,3.7,0.035,Normal / Non-Hazardous Baseline,0
EV-SYN-NEG-088,Himalayan Catchment Node 5,2022-05-10,1212.1,20.6,230.8,0.5,3.9,1.7,19.3,2.6,0.082,Normal / Non-Hazardous Baseline,0
EV-SYN-NEG-089,Himalayan Catchment Node 6,2022-05-10,1845.7,30.4,229.4,0.83,7.1,3.9,39.7,4.4,0.041,Normal / Non-Hazardous Baseline,0
EV-SYN-NEG-090,Himalayan Catchment Node 7,2022-05-10,2285.8,28.7,356.0,0.75,17.9,5.9,26.0,3.6,0.048,Normal / Non-Hazardous Baseline,0
EV-SYN-NEG-091,Himalayan Catchment Node 8,2022-05-10,2770.9,26.1,367.7,0.71,5.6,37.1,53.2,9.7,0.01,Normal / Non-Hazardous Baseline,0
EV-SYN-NEG-092,Himalayan Catchment Node 9,2022-05-10,1766.7,32.2,67.9,0.52,10.9,30.9,19.6,2.7,0.051,Normal / Non-Hazardous Baseline,0
EV-SYN-NEG-093,Himalayan Catchment Node 10,2022-05-10,2121.7,25.0,92.4,0.76,1.3,3.6,29.2,5.7,0.07,Normal / Non-Hazardous Baseline,0
EV-SYN-NEG-094,Himalayan Catchment Node 11,2022-05-10,2506.1,33.3,176.7,0.5,11.4,41.1,39.5,7.4,0.075,Normal / Non-Hazardous Baseline,0
EV-SYN-NEG-095,Himalayan Catchment Node 12,2022-05-10,1346.2,18.3,365.9,0.69,2.6,0.5,31.9,4.1,0.054,Normal / Non-Hazardous Baseline,0
EV-SYN-NEG-096,Himalayan Catchment Node 1,2022-05-10,1470.6,30.6,65.3,0.7,6.2,32.8,41.1,7.6,0.072,Normal / Non-Hazardous Baseline,0
EV-SYN-NEG-097,Himalayan Catchment Node 2,2022-05-10,1805.8,26.6,285.5,0.61,14.2,20.1,46.9,8.6,0.087,Normal / Non-Hazardous Baseline,0
EV-SYN-NEG-098,Himalayan Catchment Node 3,2022-05-10,1901.5,39.7,200.8,0.7,6.7,27.0,43.2,7.3,0.044,Normal / Non-Hazardous Baseline,0
EV-SYN-NEG-099,Himalayan Catchment Node 4,2022-05-10,1513.7,19.5,200.7,0.81,6.2,7.0,16.0,2.6,0.067,Normal / Non-Hazardous Baseline,0
EV-SYN-NEG-100,Himalayan Catchment Node 5,2022-05-10,2101.2,24.2,75.1,0.61,12.2,27.3,29.6,3.6,0.099,Normal / Non-Hazardous Baseline,0
EV-SYN-NEG-101,Himalayan Catchment Node 6,2022-05-10,1509.2,27.3,290.9,0.67,0.5,22.7,53.6,7.4,0.014,Normal / Non-Hazardous Baseline,0
EV-SYN-NEG-102,Himalayan Catchment Node 7,2022-05-10,1552.1,15.8,185.8,0.51,13.6,20.6,26.6,5.0,0.02,Normal / Non-Hazardous Baseline,0
EV-SYN-NEG-103,Himalayan Catchment Node 8,2022-05-10,3154.5,40.8,159.9,0.71,14.9,44.3,26.5,5.2,0.045,Normal / Non-Hazardous Baseline,0
EV-SYN-NEG-104,Himalayan Catchment Node 9,2022-05-10,2391.1,25.4,169.1,0.55,10.0,24.4,45.5,8.3,0.05,Normal / Non-Hazardous Baseline,0
EV-SYN-NEG-105,Himalayan Catchment Node 10,2022-05-10,1628.2,23.2,140.8,0.52,6.2,12.2,53.7,8.4,0.041,Normal / Non-Hazardous Baseline,0
EV-SYN-NEG-106,Himalayan Catchment Node 11,2022-05-10,2176.9,30.7,98.7,0.72,8.8,18.1,54.8,10.3,0.066,Normal / Non-Hazardous Baseline,0
EV-SYN-NEG-107,Himalayan Catchment Node 12,2022-05-10,1642.9,30.4,267.2,0.64,0.7,21.4,36.7,4.5,0.097,Normal / Non-Hazardous Baseline,0
EV-SYN-NEG-108,Himalayan Catchment Node 1,2022-05-10,2373.5,39.6,302.8,0.8,2.4,35.6,20.0,3.6,0.035,Normal / Non-Hazardous Baseline,0
EV-SYN-NEG-109,Himalayan Catchment Node 2,2022-05-10,1527.4,38.7,380.4,0.66,17.7,21.8,49.5,7.9,0.044,Normal / Non-Hazardous Baseline,0
EV-SYN-NEG-110,Himalayan Catchment Node 3,2022-05-10,2876.0,22.7,121.1,0.64,9.2,22.2,38.1,7.1,0.098,Normal / Non-Hazardous Baseline,0
EV-SYN-NEG-111,Himalayan Catchment Node 4,2022-05-10,2882.0,26.0,339.6,0.7,17.2,9.0,19.4,3.6,0.05,Normal / Non-Hazardous Baseline,0
EV-SYN-NEG-112,Himalayan Catchment Node 5,2022-05-10,1337.4,37.9,362.6,0.81,8.1,23.0,40.1,7.7,0.012,Normal / Non-Hazardous Baseline,0
EV-SYN-NEG-113,Himalayan Catchment Node 6,2022-05-10,2790.0,27.9,290.7,0.74,2.4,13.5,29.3,5.3,0.035,Normal / Non-Hazardous Baseline,0
EV-SYN-NEG-114,Himalayan Catchment Node 7,2022-05-10,1219.5,20.7,385.1,0.85,12.2,37.3,26.8,2.7,0.076,Normal / Non-Hazardous Baseline,0
EV-SYN-NEG-115,Himalayan Catchment Node 8,2022-05-10,1514.3,37.5,309.2,0.76,13.8,29.6,45.6,8.4,0.065,Normal / Non-Hazardous Baseline,0
EV-SYN-NEG-116,Himalayan Catchment Node 9,2022-05-10,1370.8,17.4,220.7,0.64,7.3,3.0,29.0,3.2,0.083,Normal / Non-Hazardous Baseline,0
EV-SYN-NEG-117,Himalayan Catchment Node 10,2022-05-10,3301.3,40.6,75.3,0.68,5.4,3.5,35.0,6.3,0.074,Normal / Non-Hazardous Baseline,0
EV-SYN-NEG-118,Himalayan Catchment Node 11,2022-05-10,2086.3,16.4,75.5,0.6,4.2,12.6,47.1,9.1,0.046,Normal / Non-Hazardous Baseline,0
EV-SYN-NEG-119,Himalayan Catchment Node 12,2022-05-10,2248.2,39.5,162.5,0.58,11.5,44.1,39.1,5.3,0.068,Normal / Non-Hazardous Baseline,0
EV-SYN-NEG-120,Himalayan Catchment Node 1,2022-05-10,2306.8,18.3,361.0,0.66,10.5,28.1,17.9,3.0,0.032,Normal / Non-Hazardous Baseline,0
EV-SYN-NEG-121,Himalayan Catchment Node 2,2022-05-10,2968.7,34.3,337.9,0.69,9.4,6.4,46.0,5.9,0.055,Normal / Non-Hazardous Baseline,0
EV-SYN-NEG-122,Himalayan Catchment Node 3,2022-05-10,2585.0,22.7,96.8,0.52,13.5,14.3,15.0,2.3,0.014,Normal / Non-Hazardous Baseline,0
EV-SYN-NEG-123,Himalayan Catchment Node 4,2022-05-10,1337.9,22.5,297.4,0.79,0.1,11.1,44.6,5.9,0.019,Normal / Non-Hazardous Baseline,0
EV-SYN-NEG-124,Himalayan Catchment Node 5,2022-05-10,3054.0,24.7,144.6,0.61,14.2,40.1,32.4,6.2,0.044,Normal / Non-Hazardous Baseline,0
EV-SYN-NEG-125,Himalayan Catchment Node 6,2022-05-10,2711.4,41.0,81.3,0.67,7.0,28.5,43.2,4.3,0.025,Normal / Non-Hazardous Baseline,0
EV-SYN-NEG-126,Himalayan Catchment Node 7,2022-05-10,3325.3,34.3,283.2,0.77,17.1,31.6,26.9,3.0,0.08,Normal / Non-Hazardous Baseline,0
EV-SYN-NEG-127,Himalayan Catchment Node 8,2022-05-10,1992.1,32.4,66.9,0.83,9.0,19.5,33.3,4.0,0.043,Normal / Non-Hazardous Baseline,0
EV-SYN-NEG-128,Himalayan Catchment Node 9,2022-05-10,2888.6,25.0,68.3,0.65,14.8,38.3,23.5,3.9,0.053,Normal / Non-Hazardous Baseline,0
EV-SYN-NEG-129,Himalayan Catchment Node 10,2022-05-10,2691.2,38.8,125.5,0.71,5.3,6.1,41.1,7.1,0.038,Normal / Non-Hazardous Baseline,0
EV-SYN-NEG-130,Himalayan Catchment Node 11,2022-05-10,2769.1,32.4,188.3,0.57,16.0,12.9,29.7,3.1,0.02,Normal / Non-Hazardous Baseline,0
EV-SYN-NEG-131,Himalayan Catchment Node 12,2022-05-10,3038.1,28.9,143.7,0.51,6.8,15.2,15.8,1.8,0.047,Normal / Non-Hazardous Baseline,0
EV-SYN-NEG-132,Himalayan Catchment Node 1,2022-05-10,2368.1,28.3,191.5,0.71,0.2,20.9,53.5,8.1,0.071,Normal / Non-Hazardous Baseline,0
EV-SYN-NEG-133,Himalayan Catchment Node 2,2022-05-10,2900.4,23.4,320.9,0.68,17.6,5.6,15.7,2.8,0.083,Normal / Non-Hazardous Baseline,0
EV-SYN-NEG-134,Himalayan Catchment Node 3,2022-05-10,1238.6,18.2,143.0,0.6,13.9,23.3,28.9,4.0,0.01,Normal / Non-Hazardous Baseline,0
EV-SYN-NEG-135,Himalayan Catchment Node 4,2022-05-10,3343.2,23.1,276.3,0.8,0.4,40.4,46.3,8.2,0.051,Normal / Non-Hazardous Baseline,0
EV-SYN-NEG-136,Himalayan Catchment Node 5,2022-05-10,1344.5,25.7,156.0,0.58,4.4,21.8,44.9,6.6,0.015,Normal / Non-Hazardous Baseline,0
EV-SYN-NEG-137,Himalayan Catchment Node 6,2022-05-10,2927.4,40.9,380.0,0.85,9.8,43.3,18.0,2.5,0.03,Normal / Non-Hazardous Baseline,0
EV-SYN-NEG-138,Himalayan Catchment Node 7,2022-05-10,2569.3,20.3,99.3,0.77,10.4,6.6,47.4,7.8,0.045,Normal / Non-Hazardous Baseline,0
EV-SYN-NEG-139,Himalayan Catchment Node 8,2022-05-10,1959.4,33.2,141.0,0.82,5.2,21.1,50.6,8.6,0.016,Normal / Non-Hazardous Baseline,0
EV-SYN-NEG-140,Himalayan Catchment Node 9,2022-05-10,2588.0,19.0,52.7,0.66,2.4,43.1,36.2,4.5,0.055,Normal / Non-Hazardous Baseline,0
EV-SYN-NEG-141,Himalayan Catchment Node 10,2022-05-10,1804.3,33.3,76.7,0.78,8.3,24.6,32.3,3.4,0.025,Normal / Non-Hazardous Baseline,0
EV-SYN-NEG-142,Himalayan Catchment Node 11,2022-05-10,1310.0,27.0,123.2,0.8,17.7,35.7,49.2,6.1,0.096,Normal / Non-Hazardous Baseline,0
EV-SYN-NEG-143,Himalayan Catchment Node 12,2022-05-10,3388.6,20.3,383.0,0.75,17.7,25.6,25.4,3.6,0.063,Normal / Non-Hazardous Baseline,0
EV-SYN-NEG-144,Himalayan Catchment Node 1,2022-05-10,3358.6,17.0,267.8,0.57,14.3,40.9,52.7,10.3,0.057,Normal / Non-Hazardous Baseline,0
EV-SYN-NEG-145,Himalayan Catchment Node 2,2022-05-10,1555.7,41.4,315.1,0.67,12.9,11.1,40.6,6.8,0.025,Normal / Non-Hazardous Baseline,0
EV-SYN-NEG-146,Himalayan Catchment Node 3,2022-05-10,2297.6,30.3,320.1,0.5,0.2,16.1,52.0,6.4,0.067,Normal / Non-Hazardous Baseline,0
EV-SYN-NEG-147,Himalayan Catchment Node 4,2022-05-10,3065.7,21.0,162.6,0.76,1.7,19.3,16.2,2.4,0.07,Normal / Non-Hazardous Baseline,0
EV-SYN-NEG-148,Himalayan Catchment Node 5,2022-05-10,2075.2,18.2,151.1,0.82,17.9,2.0,45.4,6.2,0.045,Normal / Non-Hazardous Baseline,0
EV-SYN-NEG-149,Himalayan Catchment Node 6,2022-05-10,3292.0,35.4,371.4,0.7,6.4,35.4,25.0,3.9,0.042,Normal / Non-Hazardous Baseline,0
EV-SYN-NEG-150,Himalayan Catchment Node 7,2022-05-10,1621.5,32.7,134.1,0.82,1.8,22.8,23.8,2.5,0.013,Normal / Non-Hazardous Baseline,0
EV-SYN-NEG-151,Himalayan Catchment Node 8,2022-05-10,1821.5,19.7,353.4,0.83,10.5,19.6,38.2,5.8,0.078,Normal / Non-Hazardous Baseline,0
EV-SYN-NEG-152,Himalayan Catchment Node 9,2022-05-10,3167.0,22.6,173.6,0.83,16.1,18.9,46.2,6.8,0.055,Normal / Non-Hazardous Baseline,0
EV-SYN-NEG-153,Himalayan Catchment Node 10,2022-05-10,1609.5,20.5,256.9,0.62,15.4,9.3,17.8,1.9,0.095,Normal / Non-Hazardous Baseline,0
EV-SYN-NEG-154,Himalayan Catchment Node 11,2022-05-10,2983.9,28.7,193.3,0.79,6.0,31.2,45.8,7.6,0.024,Normal / Non-Hazardous Baseline,0
EV-SYN-NEG-155,Himalayan Catchment Node 12,2022-05-10,1821.4,38.6,238.7,0.65,0.7,5.8,45.6,4.6,0.047,Normal / Non-Hazardous Baseline,0
EV-SYN-NEG-156,Himalayan Catchment Node 1,2022-05-10,3340.8,29.1,69.1,0.58,5.5,13.7,24.2,2.4,0.076,Normal / Non-Hazardous Baseline,0
EV-SYN-NEG-157,Himalayan Catchment Node 2,2022-05-10,2658.7,41.1,128.5,0.76,15.3,19.0,27.1,3.6,0.074,Normal / Non-Hazardous Baseline,0
EV-SYN-NEG-158,Himalayan Catchment Node 3,2022-05-10,2016.1,37.1,113.6,0.82,14.5,44.3,45.2,6.3,0.063,Normal / Non-Hazardous Baseline,0
EV-SYN-NEG-159,Himalayan Catchment Node 4,2022-05-10,2397.9,32.8,77.5,0.75,3.0,35.1,38.4,7.5,0.014,Normal / Non-Hazardous Baseline,0
EV-SYN-NEG-160,Himalayan Catchment Node 5,2022-05-10,1852.4,22.2,260.5,0.75,13.7,4.6,35.6,5.4,0.043,Normal / Non-Hazardous Baseline,0
EV-SYN-NEG-161,Himalayan Catchment Node 6,2022-05-10,2733.9,40.2,339.6,0.75,8.3,41.4,42.8,7.4,0.088,Normal / Non-Hazardous Baseline,0
EV-SYN-NEG-162,Himalayan Catchment Node 7,2022-05-10,1629.5,22.4,332.5,0.62,6.0,44.0,49.3,8.4,0.075,Normal / Non-Hazardous Baseline,0
EV-SYN-NEG-163,Himalayan Catchment Node 8,2022-05-10,2291.8,30.2,381.5,0.63,2.9,35.4,44.4,6.1,0.012,Normal / Non-Hazardous Baseline,0
EV-SYN-NEG-164,Himalayan Catchment Node 9,2022-05-10,2748.1,37.7,54.0,0.84,7.9,10.6,43.2,7.8,0.059,Normal / Non-Hazardous Baseline,0
EV-SYN-NEG-165,Himalayan Catchment Node 10,2022-05-10,2310.6,41.1,68.1,0.75,15.5,8.1,47.0,7.3,0.046,Normal / Non-Hazardous Baseline,0
EV-SYN-NEG-166,Himalayan Catchment Node 11,2022-05-10,1546.0,18.6,352.9,0.61,5.2,39.2,41.9,7.5,0.033,Normal / Non-Hazardous Baseline,0
EV-SYN-NEG-167,Himalayan Catchment Node 12,2022-05-10,3032.2,31.9,250.1,0.82,0.2,30.3,17.1,2.6,0.036,Normal / Non-Hazardous Baseline,0
EV-SYN-NEG-168,Himalayan Catchment Node 1,2022-05-10,2566.8,23.3,173.5,0.62,13.2,18.2,17.7,3.2,0.036,Normal / Non-Hazardous Baseline,0
EV-SYN-NEG-169,Himalayan Catchment Node 2,2022-05-10,1931.4,26.7,289.9,0.52,6.7,42.5,40.7,6.8,0.067,Normal / Non-Hazardous Baseline,0
EV-SYN-NEG-170,Himalayan Catchment Node 3,2022-05-10,2852.1,20.4,196.4,0.54,5.0,12.4,32.3,6.4,0.016,Normal / Non-Hazardous Baseline,0
EV-SYN-NEG-171,Himalayan Catchment Node 4,2022-05-10,3335.5,29.0,112.8,0.54,7.3,33.2,43.2,6.1,0.041,Normal / Non-Hazardous Baseline,0
EV-SYN-NEG-172,Himalayan Catchment Node 5,2022-05-10,1651.7,25.7,142.5,0.67,4.8,12.9,41.3,8.1,0.064,Normal / Non-Hazardous Baseline,0
EV-SYN-NEG-173,Himalayan Catchment Node 6,2022-05-10,3293.1,17.1,76.5,0.6,1.7,27.0,39.9,6.6,0.034,Normal / Non-Hazardous Baseline,0
EV-SYN-NEG-174,Himalayan Catchment Node 7,2022-05-10,1752.0,15.4,387.8,0.74,12.7,27.5,27.5,3.5,0.064,Normal / Non-Hazardous Baseline,0
EV-SYN-NEG-175,Himalayan Catchment Node 8,2022-05-10,1433.0,38.4,381.4,0.55,17.0,33.1,50.3,6.1,0.063,Normal / Non-Hazardous Baseline,0
EV-SYN-NEG-176,Himalayan Catchment Node 9,2022-05-10,2097.9,33.9,288.0,0.51,10.5,11.4,33.0,6.5,0.046,Normal / Non-Hazardous Baseline,0
EV-SYN-NEG-177,Himalayan Catchment Node 10,2022-05-10,2679.4,37.7,116.0,0.84,1.8,0.4,32.3,3.5,0.077,Normal / Non-Hazardous Baseline,0
EV-SYN-NEG-178,Himalayan Catchment Node 11,2022-05-10,1769.2,39.7,201.9,0.65,13.0,0.4,38.6,6.2,0.067,Normal / Non-Hazardous Baseline,0
EV-SYN-NEG-179,Himalayan Catchment Node 12,2022-05-10,1401.1,21.5,299.9,0.57,15.8,33.2,15.5,1.9,0.029,Normal / Non-Hazardous Baseline,0
EV-SYN-NEG-180,Himalayan Catchment Node 1,2022-05-10,1337.6,22.3,136.6,0.66,13.2,27.3,41.9,4.5,0.096,Normal / Non-Hazardous Baseline,0
EV-SYN-NEG-181,Himalayan Catchment Node 2,2022-05-10,3010.6,37.6,331.8,0.83,9.8,9.0,39.7,6.9,0.076,Normal / Non-Hazardous Baseline,0
EV-SYN-NEG-182,Himalayan Catchment Node 3,2022-05-10,2016.4,29.1,74.0,0.82,10.5,24.2,25.8,3.5,0.091,Normal / Non-Hazardous Baseline,0
EV-SYN-NEG-183,Himalayan Catchment Node 4,2022-05-10,2199.6,33.0,325.6,0.72,4.5,31.7,32.1,4.6,0.068,Normal / Non-Hazardous Baseline,0
EV-SYN-NEG-184,Himalayan Catchment Node 5,2022-05-10,3014.4,40.3,72.4,0.6,8.0,1.0,27.0,4.1,0.015,Normal / Non-Hazardous Baseline,0
EV-SYN-NEG-185,Himalayan Catchment Node 6,2022-05-10,1431.9,28.3,374.5,0.77,7.4,29.5,25.4,2.9,0.024,Normal / Non-Hazardous Baseline,0
EV-SYN-NEG-186,Himalayan Catchment Node 7,2022-05-10,2661.3,16.9,115.0,0.81,14.7,30.8,19.4,2.5,0.038,Normal / Non-Hazardous Baseline,0
EV-SYN-NEG-187,Himalayan Catchment Node 8,2022-05-10,2378.2,21.7,230.3,0.62,6.4,37.3,46.6,6.1,0.092,Normal / Non-Hazardous Baseline,0
EV-SYN-NEG-188,Himalayan Catchment Node 9,2022-05-10,1979.7,40.7,164.4,0.68,16.9,39.4,19.1,2.7,0.06,Normal / Non-Hazardous Baseline,0
EV-SYN-NEG-189,Himalayan Catchment Node 10,2022-05-10,3089.4,28.6,117.9,0.74,15.1,38.6,44.9,6.5,0.065,Normal / Non-Hazardous Baseline,0
EV-SYN-NEG-190,Himalayan Catchment Node 11,2022-05-10,1594.4,19.3,285.8,0.74,4.1,5.3,21.6,2.2,0.075,Normal / Non-Hazardous Baseline,0
EV-SYN-NEG-191,Himalayan Catchment Node 12,2022-05-10,1555.0,34.8,230.2,0.53,0.3,7.5,50.6,6.3,0.042,Normal / Non-Hazardous Baseline,0
EV-SYN-NEG-192,Himalayan Catchment Node 1,2022-05-10,2342.3,17.8,127.8,0.71,4.4,2.6,30.6,3.8,0.03,Normal / Non-Hazardous Baseline,0
EV-SYN-NEG-193,Himalayan Catchment Node 2,2022-05-10,2425.1,40.9,265.7,0.65,7.7,24.3,42.9,7.3,0.025,Normal / Non-Hazardous Baseline,0
EV-SYN-NEG-194,Himalayan Catchment Node 3,2022-05-10,3115.2,28.5,194.2,0.72,9.6,5.2,39.2,4.4,0.04,Normal / Non-Hazardous Baseline,0
EV-SYN-NEG-195,Himalayan Catchment Node 4,2022-05-10,1653.8,18.9,292.2,0.64,16.1,9.2,35.3,5.0,0.012,Normal / Non-Hazardous Baseline,0
EV-SYN-NEG-196,Himalayan Catchment Node 5,2022-05-10,2243.4,36.4,74.2,0.7,11.3,31.0,25.1,2.5,0.075,Normal / Non-Hazardous Baseline,0
EV-SYN-NEG-197,Himalayan Catchment Node 6,2022-05-10,3007.1,29.5,342.6,0.8,8.7,15.0,46.7,6.8,0.027,Normal / Non-Hazardous Baseline,0
EV-SYN-NEG-198,Himalayan Catchment Node 7,2022-05-10,2225.9,38.1,358.9,0.53,7.0,36.2,51.1,6.1,0.016,Normal / Non-Hazardous Baseline,0
EV-SYN-NEG-199,Himalayan Catchment Node 8,2022-05-10,2391.9,38.7,186.3,0.84,1.2,29.2,18.0,2.5,0.082,Normal / Non-Hazardous Baseline,0
EV-SYN-NEG-200,Himalayan Catchment Node 9,2022-05-10,2429.9,26.7,399.0,0.61,4.0,15.8,29.9,3.2,0.043,Normal / Non-Hazardous Baseline,0
EV-SYN-NEG-201,Himalayan Catchment Node 10,2022-05-10,2644.8,27.5,303.0,0.75,0.2,9.8,41.5,6.2,0.01,Normal / Non-Hazardous Baseline,0
EV-SYN-NEG-202,Himalayan Catchment Node 11,2022-05-10,2406.5,36.7,320.5,0.52,13.8,26.3,46.3,8.1,0.082,Normal / Non-Hazardous Baseline,0
EV-SYN-NEG-203,Himalayan Catchment Node 12,2022-05-10,2676.5,29.0,99.1,0.72,13.4,7.6,22.8,4.3,0.077,Normal / Non-Hazardous Baseline,0
EV-SYN-NEG-204,Himalayan Catchment Node 1,2022-05-10,2513.7,39.5,315.6,0.73,16.0,26.0,40.3,4.7,0.053,Normal / Non-Hazardous Baseline,0
EV-SYN-NEG-205,Himalayan Catchment Node 2,2022-05-10,1645.0,34.3,144.8,0.61,4.3,9.7,32.0,6.1,0.056,Normal / Non-Hazardous Baseline,0
EV-SYN-NEG-206,Himalayan Catchment Node 3,2022-05-10,2731.5,20.1,76.9,0.63,14.8,29.7,46.8,6.0,0.072,Normal / Non-Hazardous Baseline,0
EV-SYN-NEG-207,Himalayan Catchment Node 4,2022-05-10,2600.0,22.1,378.7,0.61,4.9,8.6,42.8,5.2,0.064,Normal / Non-Hazardous Baseline,0
EV-SYN-NEG-208,Himalayan Catchment Node 5,2022-05-10,2992.9,22.1,281.7,0.77,13.7,8.4,18.5,3.1,0.043,Normal / Non-Hazardous Baseline,0
EV-SYN-NEG-209,Himalayan Catchment Node 6,2022-05-10,1771.1,26.7,60.9,0.51,15.8,11.0,37.3,3.9,0.07,Normal / Non-Hazardous Baseline,0
EV-SYN-NEG-210,Himalayan Catchment Node 7,2022-05-10,3153.9,23.7,364.3,0.61,16.2,44.8,48.0,8.9,0.032,Normal / Non-Hazardous Baseline,0
EV-SYN-NEG-211,Himalayan Catchment Node 8,2022-05-10,1408.8,30.6,73.5,0.85,5.9,33.7,47.3,8.8,0.1,Normal / Non-Hazardous Baseline,0
EV-SYN-NEG-212,Himalayan Catchment Node 9,2022-05-10,2104.6,21.5,64.1,0.55,0.4,16.2,46.3,7.3,0.038,Normal / Non-Hazardous Baseline,0
EV-SYN-NEG-213,Himalayan Catchment Node 10,2022-05-10,1231.6,32.7,131.2,0.77,11.2,34.3,16.6,3.0,0.066,Normal / Non-Hazardous Baseline,0
EV-SYN-NEG-214,Himalayan Catchment Node 11,2022-05-10,3101.8,30.2,268.6,0.71,10.5,44.6,45.3,6.5,0.074,Normal / Non-Hazardous Baseline,0
EV-SYN-NEG-215,Himalayan Catchment Node 12,2022-05-10,2513.1,25.5,130.1,0.82,16.7,15.4,36.1,4.4,0.1,Normal / Non-Hazardous Baseline,0
EV-SYN-NEG-216,Himalayan Catchment Node 1,2022-05-10,2969.7,41.5,277.3,0.75,10.7,2.4,33.2,5.6,0.071,Normal / Non-Hazardous Baseline,0
EV-SYN-NEG-217,Himalayan Catchment Node 2,2022-05-10,1568.2,25.1,379.6,0.68,12.4,31.4,40.9,5.2,0.024,Normal / Non-Hazardous Baseline,0
EV-SYN-NEG-218,Himalayan Catchment Node 3,2022-05-10,1594.6,32.2,259.8,0.75,8.2,30.0,48.5,5.7,0.012,Normal / Non-Hazardous Baseline,0
EV-SYN-NEG-219,Himalayan Catchment Node 4,2022-05-10,2739.2,36.0,263.4,0.79,14.5,43.2,36.4,5.4,0.046,Normal / Non-Hazardous Baseline,0
EV-SYN-NEG-220,Himalayan Catchment Node 5,2022-05-10,1809.4,19.1,250.4,0.82,10.5,26.7,29.2,3.1,0.013,Normal / Non-Hazardous Baseline,0
EV-SYN-NEG-221,Himalayan Catchment Node 6,2022-05-10,2535.1,26.4,79.6,0.81,15.9,29.7,23.4,4.4,0.09,Normal / Non-Hazardous Baseline,0
EV-SYN-NEG-222,Himalayan Catchment Node 7,2022-05-10,1830.3,20.3,308.1,0.78,18.0,1.4,50.9,8.3,0.098,Normal / Non-Hazardous Baseline,0
EV-SYN-NEG-223,Himalayan Catchment Node 8,2022-05-10,1337.3,27.6,346.6,0.62,1.2,43.9,47.7,8.8,0.094,Normal / Non-Hazardous Baseline,0
EV-SYN-NEG-224,Himalayan Catchment Node 9,2022-05-10,1356.3,17.3,185.0,0.57,4.1,21.1,25.7,2.8,0.025,Normal / Non-Hazardous Baseline,0
EV-SYN-NEG-225,Himalayan Catchment Node 10,2022-05-10,2870.4,19.0,390.6,0.84,7.9,12.5,46.9,6.2,0.037,Normal / Non-Hazardous Baseline,0
EV-SYN-NEG-226,Himalayan Catchment Node 11,2022-05-10,1764.2,21.3,95.4,0.62,12.1,2.8,23.4,4.2,0.023,Normal / Non-Hazardous Baseline,0
EV-SYN-NEG-227,Himalayan Catchment Node 12,2022-05-10,1540.8,24.3,352.6,0.53,8.7,13.6,37.5,6.8,0.022,Normal / Non-Hazardous Baseline,0
EV-SYN-NEG-228,Himalayan Catchment Node 1,2022-05-10,1517.0,30.7,226.9,0.72,4.9,22.0,18.3,2.7,0.038,Normal / Non-Hazardous Baseline,0
EV-SYN-NEG-229,Himalayan Catchment Node 2,2022-05-10,2120.9,37.2,69.9,0.66,13.1,25.8,41.7,7.4,0.088,Normal / Non-Hazardous Baseline,0
EV-SYN-NEG-230,Himalayan Catchment Node 3,2022-05-10,3048.2,23.5,238.3,0.85,16.0,16.7,22.8,3.4,0.077,Normal / Non-Hazardous Baseline,0
EV-SYN-NEG-231,Himalayan Catchment Node 4,2022-05-10,3044.1,28.3,219.1,0.63,15.5,18.3,28.1,4.1,0.079,Normal / Non-Hazardous Baseline,0
EV-SYN-NEG-232,Himalayan Catchment Node 5,2022-05-10,3293.2,18.4,118.7,0.56,10.2,26.1,34.6,5.7,0.031,Normal / Non-Hazardous Baseline,0
EV-SYN-NEG-233,Himalayan Catchment Node 6,2022-05-10,2655.7,29.9,180.3,0.55,10.3,8.3,26.1,3.2,0.026,Normal / Non-Hazardous Baseline,0
EV-SYN-NEG-234,Himalayan Catchment Node 7,2022-05-10,3239.7,37.3,150.0,0.84,10.3,6.4,30.0,5.4,0.043,Normal / Non-Hazardous Baseline,0
EV-SYN-NEG-235,Himalayan Catchment Node 8,2022-05-10,3059.3,17.3,244.9,0.78,3.2,30.3,23.8,2.9,0.089,Normal / Non-Hazardous Baseline,0
EV-SYN-NEG-236,Himalayan Catchment Node 9,2022-05-10,1201.4,21.7,142.1,0.8,14.3,28.2,45.0,5.2,0.051,Normal / Non-Hazardous Baseline,0
EV-SYN-NEG-237,Himalayan Catchment Node 10,2022-05-10,2269.5,24.5,82.8,0.82,0.7,13.1,23.3,2.9,0.092,Normal / Non-Hazardous Baseline,0
EV-SYN-NEG-238,Himalayan Catchment Node 11,2022-05-10,2873.3,27.6,213.2,0.55,8.8,19.3,38.9,7.8,0.079,Normal / Non-Hazardous Baseline,0
EV-SYN-NEG-239,Himalayan Catchment Node 12,2022-05-10,1575.6,25.7,339.6,0.51,3.7,15.3,35.4,5.7,0.092,Normal / Non-Hazardous Baseline,0
EV-SYN-NEG-240,Himalayan Catchment Node 1,2022-05-10,1310.5,28.8,225.4,0.51,9.9,19.7,48.6,5.6,0.012,Normal / Non-Hazardous Baseline,0
EV-SYN-NEG-241,Himalayan Catchment Node 2,2022-05-10,1309.2,27.1,133.1,0.75,2.0,27.4,26.2,3.1,0.044,Normal / Non-Hazardous Baseline,0
EV-SYN-NEG-242,Himalayan Catchment Node 3,2022-05-10,2851.7,36.6,187.2,0.54,13.9,10.7,42.1,6.6,0.094,Normal / Non-Hazardous Baseline,0
EV-SYN-NEG-243,Himalayan Catchment Node 4,2022-05-10,1242.1,25.5,73.2,0.79,9.4,34.9,24.4,3.3,0.013,Normal / Non-Hazardous Baseline,0
EV-SYN-NEG-244,Himalayan Catchment Node 5,2022-05-10,3253.1,41.0,283.8,0.59,11.0,30.5,27.7,5.1,0.095,Normal / Non-Hazardous Baseline,0
EV-SYN-NEG-245,Himalayan Catchment Node 6,2022-05-10,1810.4,38.9,308.7,0.6,17.3,0.5,43.6,7.4,0.066,Normal / Non-Hazardous Baseline,0
EV-SYN-NEG-246,Himalayan Catchment Node 7,2022-05-10,1947.9,41.7,159.2,0.53,8.0,11.7,28.7,5.3,0.094,Normal / Non-Hazardous Baseline,0
EV-SYN-NEG-247,Himalayan Catchment Node 8,2022-05-10,3243.0,20.0,180.4,0.52,1.7,7.3,38.8,4.5,0.097,Normal / Non-Hazardous Baseline,0
EV-SYN-NEG-248,Himalayan Catchment Node 9,2022-05-10,1742.6,27.1,225.5,0.66,11.9,33.8,45.2,7.1,0.091,Normal / Non-Hazardous Baseline,0
EV-SYN-NEG-249,Himalayan Catchment Node 10,2022-05-10,1322.3,37.1,315.0,0.5,3.8,29.9,31.4,4.4,0.09,Normal / Non-Hazardous Baseline,0
EV-SYN-NEG-250,Himalayan Catchment Node 11,2022-05-10,1890.5,39.2,368.2,0.74,4.9,8.6,22.4,3.0,0.049,Normal / Non-Hazardous Baseline,0
EV-SYN-NEG-251,Himalayan Catchment Node 12,2022-05-10,2816.8,37.4,92.0,0.69,5.2,22.2,27.0,4.3,0.049,Normal / Non-Hazardous Baseline,0
EV-SYN-NEG-252,Himalayan Catchment Node 1,2022-05-10,2402.7,19.4,90.8,0.82,6.2,33.0,41.3,8.0,0.084,Normal / Non-Hazardous Baseline,0
EV-SYN-NEG-253,Himalayan Catchment Node 2,2022-05-10,3176.5,30.3,280.0,0.64,5.9,0.5,48.1,8.7,0.019,Normal / Non-Hazardous Baseline,0
EV-SYN-NEG-254,Himalayan Catchment Node 3,2022-05-10,1461.2,30.6,212.4,0.84,3.9,3.0,38.8,6.7,0.013,Normal / Non-Hazardous Baseline,0
EV-SYN-NEG-255,Himalayan Catchment Node 4,2022-05-10,1427.2,32.8,236.3,0.56,10.2,13.3,52.5,9.6,0.099,Normal / Non-Hazardous Baseline,0
EV-SYN-NEG-256,Himalayan Catchment Node 5,2022-05-10,2148.7,22.0,389.4,0.62,0.9,2.4,42.7,6.2,0.03,Normal / Non-Hazardous Baseline,0
EV-SYN-NEG-257,Himalayan Catchment Node 6,2022-05-10,2470.8,31.6,138.5,0.63,14.8,36.9,34.1,4.6,0.043,Normal / Non-Hazardous Baseline,0
EV-SYN-NEG-258,Himalayan Catchment Node 7,2022-05-10,1659.9,36.8,164.9,0.53,8.4,21.7,48.6,5.9,0.044,Normal / Non-Hazardous Baseline,0
EV-SYN-NEG-259,Himalayan Catchment Node 8,2022-05-10,2046.1,36.8,338.3,0.66,5.5,42.0,19.7,3.8,0.072,Normal / Non-Hazardous Baseline,0
EV-SYN-NEG-260,Himalayan Catchment Node 9,2022-05-10,2246.3,29.4,61.4,0.64,2.9,29.5,53.8,8.4,0.074,Normal / Non-Hazardous Baseline,0
EV-SYN-NEG-261,Himalayan Catchment Node 10,2022-05-10,1456.0,16.8,196.2,0.71,16.9,29.8,18.1,2.4,0.06,Normal / Non-Hazardous Baseline,0
EV-SYN-NEG-262,Himalayan Catchment Node 11,2022-05-10,2992.3,25.9,341.8,0.71,6.7,11.5,19.2,2.6,0.047,Normal / Non-Hazardous Baseline,0
EV-SYN-NEG-263,Himalayan Catchment Node 12,2022-05-10,1354.2,33.2,280.4,0.64,3.3,7.1,48.1,5.0,0.048,Normal / Non-Hazardous Baseline,0
EV-SYN-NEG-264,Himalayan Catchment Node 1,2022-05-10,2425.5,19.5,357.8,0.58,9.0,32.9,53.3,6.5,0.09,Normal / Non-Hazardous Baseline,0
EV-SYN-NEG-265,Himalayan Catchment Node 2,2022-05-10,2597.9,40.2,370.7,0.72,7.3,33.9,36.3,6.1,0.049,Normal / Non-Hazardous Baseline,0
EV-SYN-NEG-266,Himalayan Catchment Node 3,2022-05-10,1522.2,34.8,338.6,0.79,9.7,38.0,32.3,4.4,0.092,Normal / Non-Hazardous Baseline,0
EV-SYN-NEG-267,Himalayan Catchment Node 4,2022-05-10,2264.8,21.8,345.5,0.68,5.6,25.8,28.0,2.9,0.034,Normal / Non-Hazardous Baseline,0
EV-SYN-NEG-268,Himalayan Catchment Node 5,2022-05-10,3324.6,15.2,392.4,0.64,13.1,15.6,41.8,7.6,0.095,Normal / Non-Hazardous Baseline,0
EV-SYN-NEG-269,Himalayan Catchment Node 6,2022-05-10,1785.0,25.8,324.2,0.85,0.5,27.2,41.4,7.0,0.021,Normal / Non-Hazardous Baseline,0
EV-SYN-NEG-270,Himalayan Catchment Node 7,2022-05-10,2570.1,40.3,113.4,0.58,5.5,24.6,31.7,3.7,0.025,Normal / Non-Hazardous Baseline,0
EV-SYN-NEG-271,Himalayan Catchment Node 8,2022-05-10,3175.5,26.3,315.0,0.53,7.1,4.5,15.7,2.6,0.064,Normal / Non-Hazardous Baseline,0
EV-SYN-NEG-272,Himalayan Catchment Node 9,2022-05-10,1252.2,19.4,131.8,0.79,17.5,6.1,24.3,4.5,0.093,Normal / Non-Hazardous Baseline,0
EV-SYN-NEG-273,Himalayan Catchment Node 10,2022-05-10,1286.7,26.3,67.7,0.7,7.1,1.3,38.3,3.9,0.081,Normal / Non-Hazardous Baseline,0
EV-SYN-NEG-274,Himalayan Catchment Node 11,2022-05-10,2494.4,23.3,64.1,0.64,17.5,24.5,26.0,4.4,0.034,Normal / Non-Hazardous Baseline,0
EV-SYN-NEG-275,Himalayan Catchment Node 12,2022-05-10,2409.7,39.4,181.2,0.52,7.7,37.5,47.2,5.8,0.03,Normal / Non-Hazardous Baseline,0
EV-SYN-NEG-276,Himalayan Catchment Node 1,2022-05-10,1409.8,37.1,375.6,0.66,6.1,39.2,18.3,2.2,0.078,Normal / Non-Hazardous Baseline,0
EV-SYN-NEG-277,Himalayan Catchment Node 2,2022-05-10,2172.6,16.4,222.4,0.62,7.1,23.8,21.5,3.4,0.082,Normal / Non-Hazardous Baseline,0
EV-SYN-NEG-278,Himalayan Catchment Node 3,2022-05-10,1528.3,35.5,103.9,0.59,6.5,18.4,42.2,4.5,0.013,Normal / Non-Hazardous Baseline,0
EV-SYN-NEG-279,Himalayan Catchment Node 4,2022-05-10,1625.6,25.6,294.0,0.72,4.7,39.9,50.8,6.6,0.031,Normal / Non-Hazardous Baseline,0
EV-SYN-NEG-280,Himalayan Catchment Node 5,2022-05-10,2679.2,26.1,134.2,0.79,12.1,37.1,30.9,3.6,0.076,Normal / Non-Hazardous Baseline,0
EV-SYN-NEG-281,Himalayan Catchment Node 6,2022-05-10,1795.4,24.7,284.9,0.53,17.9,7.0,54.5,10.8,0.081,Normal / Non-Hazardous Baseline,0
EV-SYN-NEG-282,Himalayan Catchment Node 7,2022-05-10,3105.4,32.8,252.2,0.6,8.4,27.9,31.4,4.5,0.04,Normal / Non-Hazardous Baseline,0
EV-SYN-NEG-283,Himalayan Catchment Node 8,2022-05-10,1643.4,30.2,347.7,0.83,12.4,37.0,37.2,6.6,0.011,Normal / Non-Hazardous Baseline,0
EV-SYN-NEG-284,Himalayan Catchment Node 9,2022-05-10,3157.8,37.1,64.0,0.85,5.3,9.5,45.6,5.7,0.088,Normal / Non-Hazardous Baseline,0
EV-SYN-NEG-285,Himalayan Catchment Node 10,2022-05-10,3354.1,17.8,94.1,0.74,15.2,14.6,42.1,6.7,0.064,Normal / Non-Hazardous Baseline,0
EV-SYN-NEG-286,Himalayan Catchment Node 11,2022-05-10,2143.9,33.4,251.4,0.6,13.8,10.2,42.7,5.3,0.066,Normal / Non-Hazardous Baseline,0
EV-SYN-NEG-287,Himalayan Catchment Node 12,2022-05-10,1331.9,35.2,126.5,0.55,10.9,38.2,16.8,2.9,0.041,Normal / Non-Hazardous Baseline,0
EV-SYN-NEG-288,Himalayan Catchment Node 1,2022-05-10,1930.3,27.9,375.1,0.66,0.2,3.7,25.3,2.6,0.067,Normal / Non-Hazardous Baseline,0
EV-SYN-NEG-289,Himalayan Catchment Node 2,2022-05-10,1584.2,26.5,241.9,0.6,11.9,43.4,17.0,3.2,0.062,Normal / Non-Hazardous Baseline,0
EV-SYN-NEG-290,Himalayan Catchment Node 3,2022-05-10,1352.7,30.2,225.1,0.53,10.8,15.3,51.7,7.3,0.023,Normal / Non-Hazardous Baseline,0
EV-SYN-NEG-291,Himalayan Catchment Node 4,2022-05-10,2356.0,34.3,152.7,0.74,16.2,35.6,42.1,7.1,0.095,Normal / Non-Hazardous Baseline,0
EV-SYN-NEG-292,Himalayan Catchment Node 5,2022-05-10,1798.3,23.0,50.4,0.58,11.9,28.5,38.7,3.9,0.076,Normal / Non-Hazardous Baseline,0
EV-SYN-NEG-293,Himalayan Catchment Node 6,2022-05-10,2424.5,23.7,282.8,0.62,2.4,4.2,48.3,9.3,0.068,Normal / Non-Hazardous Baseline,0
EV-SYN-NEG-294,Himalayan Catchment Node 7,2022-05-10,2803.7,17.8,190.7,0.77,2.1,0.0,43.5,5.9,0.033,Normal / Non-Hazardous Baseline,0
EV-SYN-NEG-295,Himalayan Catchment Node 8,2022-05-10,3072.5,15.3,239.1,0.84,10.2,23.2,18.4,2.9,0.044,Normal / Non-Hazardous Baseline,0
EV-SYN-NEG-296,Himalayan Catchment Node 9,2022-05-10,1728.7,31.4,186.1,0.53,5.7,4.3,22.1,4.4,0.05,Normal / Non-Hazardous Baseline,0
EV-SYN-NEG-297,Himalayan Catchment Node 10,2022-05-10,3390.3,29.4,355.8,0.7,14.6,14.7,27.2,3.8,0.071,Normal / Non-Hazardous Baseline,0
EV-SYN-NEG-298,Himalayan Catchment Node 11,2022-05-10,1493.1,33.4,160.3,0.72,2.3,26.0,42.7,7.3,0.078,Normal / Non-Hazardous Baseline,0
EV-SYN-NEG-299,Himalayan Catchment Node 12,2022-05-10,2806.5,38.6,225.0,0.72,3.4,1.2,26.4,3.8,0.066,Normal / Non-Hazardous Baseline,0
EV-SYN-NEG-300,Himalayan Catchment Node 1,2022-05-10,1476.2,37.9,118.7,0.84,1.9,21.5,38.4,5.9,0.018,Normal / Non-Hazardous Baseline,0
EV-SYN-NEG-301,Himalayan Catchment Node 2,2022-05-10,2488.3,16.5,86.9,0.69,4.2,28.7,47.8,5.0,0.055,Normal / Non-Hazardous Baseline,0
EV-SYN-NEG-302,Himalayan Catchment Node 3,2022-05-10,1877.1,33.6,138.3,0.71,16.2,36.4,38.3,6.6,0.043,Normal / Non-Hazardous Baseline,0
EV-SYN-NEG-303,Himalayan Catchment Node 4,2022-05-10,1617.9,32.3,213.2,0.75,10.0,16.1,51.5,5.3,0.038,Normal / Non-Hazardous Baseline,0
EV-SYN-NEG-304,Himalayan Catchment Node 5,2022-05-10,2744.6,16.5,318.3,0.62,12.2,17.8,45.3,6.6,0.047,Normal / Non-Hazardous Baseline,0
EV-SYN-NEG-305,Himalayan Catchment Node 6,2022-05-10,1465.0,40.2,137.8,0.7,17.4,17.0,17.5,2.3,0.056,Normal / Non-Hazardous Baseline,0
EV-SYN-NEG-306,Himalayan Catchment Node 7,2022-05-10,3395.0,19.4,280.3,0.66,6.4,18.0,19.6,3.7,0.047,Normal / Non-Hazardous Baseline,0
EV-SYN-NEG-307,Himalayan Catchment Node 8,2022-05-10,2172.5,25.5,280.9,0.73,1.1,36.6,52.6,8.7,0.096,Normal / Non-Hazardous Baseline,0
EV-SYN-NEG-308,Himalayan Catchment Node 9,2022-05-10,2524.0,19.1,217.1,0.7,7.2,15.2,20.1,2.8,0.025,Normal / Non-Hazardous Baseline,0
EV-SYN-NEG-309,Himalayan Catchment Node 10,2022-05-10,1328.8,34.8,123.1,0.69,10.7,39.2,38.1,5.1,0.082,Normal / Non-Hazardous Baseline,0
EV-SYN-NEG-310,Himalayan Catchment Node 11,2022-05-10,2444.9,29.6,77.7,0.82,7.1,13.3,20.7,2.4,0.049,Normal / Non-Hazardous Baseline,0
EV-SYN-NEG-311,Himalayan Catchment Node 12,2022-05-10,3267.1,31.1,78.2,0.76,10.6,37.3,18.2,2.7,0.067,Normal / Non-Hazardous Baseline,0
EV-SYN-NEG-312,Himalayan Catchment Node 1,2022-05-10,1809.6,37.4,324.2,0.83,2.2,39.4,53.8,6.3,0.075,Normal / Non-Hazardous Baseline,0
EV-SYN-NEG-313,Himalayan Catchment Node 2,2022-05-10,2335.8,16.1,191.9,0.7,16.8,30.3,34.3,6.2,0.096,Normal / Non-Hazardous Baseline,0
EV-SYN-NEG-314,Himalayan Catchment Node 3,2022-05-10,1389.5,15.6,393.9,0.79,5.0,5.9,32.6,5.4,0.044,Normal / Non-Hazardous Baseline,0
EV-SYN-NEG-315,Himalayan Catchment Node 4,2022-05-10,3185.3,16.5,259.8,0.63,3.9,19.9,16.9,3.1,0.084,Normal / Non-Hazardous Baseline,0
EV-SYN-NEG-316,Himalayan Catchment Node 5,2022-05-10,2959.5,30.9,173.6,0.69,14.9,28.4,46.4,7.4,0.047,Normal / Non-Hazardous Baseline,0
EV-SYN-NEG-317,Himalayan Catchment Node 6,2022-05-10,2531.2,40.9,239.4,0.58,11.3,25.7,22.4,2.4,0.064,Normal / Non-Hazardous Baseline,0
EV-SYN-NEG-318,Himalayan Catchment Node 7,2022-05-10,1698.9,35.6,233.2,0.73,1.4,19.9,21.5,2.6,0.028,Normal / Non-Hazardous Baseline,0
EV-SYN-NEG-319,Himalayan Catchment Node 8,2022-05-10,2075.1,25.4,67.9,0.68,8.7,17.2,48.6,5.6,0.056,Normal / Non-Hazardous Baseline,0
EV-SYN-NEG-320,Himalayan Catchment Node 9,2022-05-10,2462.5,16.7,74.9,0.7,15.8,25.1,53.4,5.6,0.019,Normal / Non-Hazardous Baseline,0
EV-SYN-NEG-321,Himalayan Catchment Node 10,2022-05-10,2390.8,16.2,114.8,0.73,0.8,42.6,48.7,6.3,0.017,Normal / Non-Hazardous Baseline,0
EV-SYN-NEG-322,Himalayan Catchment Node 11,2022-05-10,1471.2,19.6,94.4,0.68,4.4,16.1,54.6,9.2,0.095,Normal / Non-Hazardous Baseline,0
EV-SYN-NEG-323,Himalayan Catchment Node 12,2022-05-10,2420.4,18.8,183.7,0.53,0.1,30.2,40.7,5.7,0.054,Normal / Non-Hazardous Baseline,0
EV-SYN-NEG-324,Himalayan Catchment Node 1,2022-05-10,1937.8,26.2,58.4,0.56,1.8,43.1,39.0,6.7,0.038,Normal / Non-Hazardous Baseline,0
EV-SYN-NEG-325,Himalayan Catchment Node 2,2022-05-10,1413.3,25.6,132.9,0.56,14.4,30.5,36.9,5.4,0.093,Normal / Non-Hazardous Baseline,0
EV-SYN-NEG-326,Himalayan Catchment Node 3,2022-05-10,1969.9,17.0,148.2,0.77,17.9,10.8,50.0,9.1,0.03,Normal / Non-Hazardous Baseline,0
EV-SYN-NEG-327,Himalayan Catchment Node 4,2022-05-10,3352.1,25.8,193.4,0.56,14.4,15.0,44.2,6.3,0.062,Normal / Non-Hazardous Baseline,0
EV-SYN-NEG-328,Himalayan Catchment Node 5,2022-05-10,3106.1,37.5,331.5,0.52,12.5,6.3,31.6,4.9,0.046,Normal / Non-Hazardous Baseline,0
EV-SYN-NEG-329,Himalayan Catchment Node 6,2022-05-10,1497.5,29.0,398.8,0.74,7.1,6.0,21.3,4.2,0.089,Normal / Non-Hazardous Baseline,0
EV-SYN-NEG-330,Himalayan Catchment Node 7,2022-05-10,1658.3,39.5,397.0,0.62,12.0,21.8,31.7,4.3,0.063,Normal / Non-Hazardous Baseline,0
EV-SYN-NEG-331,Himalayan Catchment Node 8,2022-05-10,2237.8,30.5,106.5,0.69,10.3,9.5,44.7,4.6,0.042,Normal / Non-Hazardous Baseline,0
EV-SYN-NEG-332,Himalayan Catchment Node 9,2022-05-10,1774.6,36.1,247.4,0.74,10.2,35.8,44.4,7.1,0.054,Normal / Non-Hazardous Baseline,0
EV-SYN-NEG-333,Himalayan Catchment Node 10,2022-05-10,2122.0,18.6,141.5,0.71,9.2,13.0,15.3,2.3,0.036,Normal / Non-Hazardous Baseline,0
EV-SYN-NEG-334,Himalayan Catchment Node 11,2022-05-10,2486.6,34.8,58.4,0.83,3.1,21.2,18.7,3.0,0.06,Normal / Non-Hazardous Baseline,0
EV-SYN-NEG-335,Himalayan Catchment Node 12,2022-05-10,3172.5,26.0,232.5,0.57,0.4,38.8,38.1,7.2,0.064,Normal / Non-Hazardous Baseline,0
EV-SYN-NEG-336,Himalayan Catchment Node 1,2022-05-10,2849.7,36.9,200.4,0.82,10.3,8.1,25.8,3.1,0.032,Normal / Non-Hazardous Baseline,0
EV-SYN-NEG-337,Himalayan Catchment Node 2,2022-05-10,2493.6,23.3,244.3,0.65,11.1,3.7,18.5,2.2,0.057,Normal / Non-Hazardous Baseline,0
EV-SYN-NEG-338,Himalayan Catchment Node 3,2022-05-10,2080.7,20.8,149.1,0.78,0.2,29.2,41.8,7.5,0.094,Normal / Non-Hazardous Baseline,0
EV-SYN-NEG-339,Himalayan Catchment Node 4,2022-05-10,3149.6,15.5,103.8,0.66,10.2,29.8,42.2,8.1,0.1,Normal / Non-Hazardous Baseline,0
EV-SYN-NEG-340,Himalayan Catchment Node 5,2022-05-10,3135.5,34.4,150.5,0.52,4.2,40.4,25.2,3.1,0.022,Normal / Non-Hazardous Baseline,0
EV-SYN-NEG-341,Himalayan Catchment Node 6,2022-05-10,2684.8,38.2,225.0,0.58,13.6,34.2,27.5,3.9,0.029,Normal / Non-Hazardous Baseline,0
EV-SYN-NEG-342,Himalayan Catchment Node 7,2022-05-10,3256.0,41.4,276.0,0.61,14.1,34.5,42.7,8.4,0.045,Normal / Non-Hazardous Baseline,0
EV-SYN-NEG-343,Himalayan Catchment Node 8,2022-05-10,2804.5,18.5,285.1,0.7,3.7,22.7,27.5,3.9,0.068,Normal / Non-Hazardous Baseline,0
EV-SYN-NEG-344,Himalayan Catchment Node 9,2022-05-10,2091.7,35.1,131.3,0.59,3.6,35.3,51.4,7.0,0.078,Normal / Non-Hazardous Baseline,0
EV-SYN-NEG-345,Himalayan Catchment Node 10,2022-05-10,1602.2,39.2,346.1,0.83,6.8,15.3,17.5,2.6,0.02,Normal / Non-Hazardous Baseline,0
EV-SYN-NEG-346,Himalayan Catchment Node 11,2022-05-10,2979.4,21.7,160.9,0.81,5.4,38.6,49.3,8.7,0.023,Normal / Non-Hazardous Baseline,0
EV-SYN-NEG-347,Himalayan Catchment Node 12,2022-05-10,2701.6,33.6,380.8,0.62,9.0,29.1,35.4,4.0,0.038,Normal / Non-Hazardous Baseline,0
EV-SYN-NEG-348,Himalayan Catchment Node 1,2022-05-10,1502.1,36.7,351.5,0.83,5.9,29.8,45.1,8.2,0.095,Normal / Non-Hazardous Baseline,0
EV-SYN-NEG-349,Himalayan Catchment Node 2,2022-05-10,1489.7,23.4,350.5,0.75,13.4,30.5,25.1,4.7,0.025,Normal / Non-Hazardous Baseline,0
